Method_Name,Total_Number_Of_Lines
MutableLongTest.testDecrement,6
DateUtilsFragmentTest.testMinuteFragmentInLargerUnitWithDate,5
FieldUtilsTest.testGetDeclaredFieldForceAccess,17
CompareToBuilderTest.testBooleanArray,22
EntityArraysTest.testISO8859_1_ESCAPE,19
StrTokenizerTest.testTokenizeSubclassInputChange,10
StringUtilsTrimEmptyTest.testIsBlank,7
RandomStringUtilsTest.chiSquare,9
StringUtilsSubstringTest.testSubstringsBetween_StringStringString,40
HashCodeBuilderTest.testReflectionHierarchyHashCodeEx1,3
BooleanUtilsTest.test_negate_Boolean,5
StringUtilsTrimEmptyTest.testStripStart_StringString,23
ConstantInitializerTest.testEqualsFalse,7
ArrayUtilsRemoveMultipleTest.testRemoveAllObjectArray,36
DiffBuilderTest.testObjectsNotSameNorEqual,10
ArrayUtilsRemoveMultipleTest.testRemoveElementIntArray,40
CharUtilsTest.testIsAsciiControl_char,15
RecursiveToStringStyleTest.testAppendSuper,7
MutableLongTest.testGetSet,14
DateUtilsRoundingTest.testTruncateDayOfMonth,5
StrBuilderAppendInsertTest.testAppendln_FormattedString,20
ToStringBuilderTest.testAppendToString,7
CharSetTest.testGetInstance,9
StringUtilsSubstringTest.testSubstringBefore_StringString,16
ValidateTest.testNotBlankMsgNotBlankStringShouldNotThrow,4
StrLookupTest.testSystemProperiesLookup,10
LazyInitializerTest.createInitializer,3
ToStringBuilderTest.testReflectionFloatArray,7
DateUtilsTest.assertDate,11
ValidateTest.testIsInstanceOfExceptionMessage,8
NumberUtilsTest.testMaxShort_nullArray,3
StringUtilsTrimEmptyTest.testStripToEmpty_String,9
DiffBuilderTest.testSimilarObjectIgnoresAppends,8
ValidateTest.testNotBlankMsgBlankStringWithWhitespacesShouldThrow,9
MutableByteTest.testIncrement,6
StrSubstitutorTest.testReplaceInVariable,20
DateUtilsRoundingTest.testTruncateYear,5
WordUtilsTest.testCapitalizeFully_String,11
RecursiveToStringStyleTest.testLong,5
ToStringBuilderTest.testLong,5
DateUtilsFragmentTest.testMinutesOfMonthWithDate,7
MutableByteTest.testAddValueObject,5
DiffResultTest.testNullRhs,4
SimpleToStringStyleTest.testObject,16
StandardToStringStyleTest.testAppendSuper,7
CharEncodingTest.assertSupportedEncoding,3
NoFieldNamesToStringStyleTest.tearDown,3
DateFormatUtilsTest.testLANG1000,4
ObjectUtilsTest.testComparatorMedian_nullComparator,3
ToStringBuilderTest.testBooleanArray,8
ArrayUtilsRemoveMultipleTest.testRemoveAllNullShortArray,3
DateUtilsRoundingTest.baseRoundTest,28
ContextedRuntimeExceptionTest.testContextedExceptionStringThrowableContext,10
MutableByteTest.testToByte,4
StringUtilsStartsEndsWithTest.testEndsWithIgnoreCase,23
StringUtilsIsTest.testIsAlphanumericSpace,13
StrBuilderAppendInsertTest.testAppendAll_Iterator,11
StrTokenizerTest.testBasicQuoted7,9
SystemUtilsTest.testOSMatchesName,12
ReflectionToStringBuilderExcludeTest.test_toStringExcludeNullCollection,4
StrSubstitutorTest.testReplaceInVariableRecursive,17
MutableIntTest.testGetSet,14
MutableLongTest.testCompareToNull,4
DateUtilsFragmentTest.testSecondsOfDayWithDate,7
DateUtilsFragmentTest.testDaysOfMonthWithCalendar,4
FastDateFormatTest.testDateDefaults,8
FractionTest.testFactory_String_proper,45
ToStringBuilderTest.testSimpleReflectionStatics,15
ObjectUtilsTest.testCloneOfPrimitiveArray,3
StrBuilderTest.testReplaceFirst_String_String,25
ArrayUtilsRemoveTest.testRemoveNumberArray,14
NumberUtilsTest.testStringToDoubleStringD,4
StrSubstitutorTest.testReplacePrefixNoSuffix,3
StrLookupTest.testMapLookup_nullMap,6
StrBuilderTest.testGetChars,21
ToStringBuilderTest.testReflectionDoubleArray,7
NumberUtilsTest.testConstants,38
DurationFormatUtilsTest.testFormatNegativeDurationISO,3
DateUtilsTest.testSetHours,16
StrSubstitutorTest.testSamePrefixAndSuffix,8
BooleanUtilsTest.testAnd_primitive_emptyInput,3
NumberUtilsTest.testMinLong_nullArray,3
MutableByteTest.testDecrement,6
SimpleToStringStyleTest.testAppendSuper,7
BitFieldTest.testIsAllSet,9
StrBuilderAppendInsertTest.testAppendln_StringBuilder_int_int,20
MultiBackgroundInitializerTest.testInitializeNoChildren,8
BasicThreadFactoryTest.testBuildDefaults,4
ContextedExceptionTest.testContextedExceptionString,6
CompareToBuilderTest.testMultiFloatArray,21
DurationFormatUtilsTest.bruteForce,15
MutableShortTest.testEquals,15
ToStringBuilderTest.testDoubleArray,8
StrTokenizerTest.checkClone,4
StrMatcherTest.testNoneMatcher,17
BackgroundInitializerTest.testGetInterruptedException,30
MultiBackgroundInitializerTest.testResultGetExceptionUnknown,4
ToStringBuilderTest.testSimpleReflectionObjectCycle,5
DateUtilsTest.testTruncateLang59,49
RangeTest.testContainsRange,14
BooleanUtilsTest.test_toBooleanObject_Integer_Integer_Integer_Integer_noMatch,3
ArrayUtilsRemoveMultipleTest.testRemoveElementShortArray,40
BooleanUtilsTest.test_toIntegerObject_boolean_Integer_Integer,6
StrBuilderTest.testLang412Left,5
NumberUtilsTest.testMinInt_emptyArray,3
FastDateParserSDFTest.Constructor,6
BackgroundInitializerTest.testGetRuntimeException,12
StrTokenizerTest.testBasicIgnoreTrimmed4,12
DateUtilsTest.testParseDate,33
CharUtilsTest.testIsAsciiAlpha_char,15
StrBuilderTest.testRightString,7
CharSetTest.testContains_Char,35
FieldUtilsTest.testReadNamedField,58
SystemUtilsTest.testJavaVersionMatches,119
StrTokenizerTest.testBasicIgnoreTrimmed1,12
FastDateFormatTest.testParseSync,16
TypeLiteralTest.testEquals,5
ContextedExceptionTest.testContextedException,7
ClassPathUtilsTest.testToFullyQualifiedPathPackage,5
DateUtilsFragmentTest.testInvalidFragmentWithDate,22
StrTokenizerTest.testCSVSimple,3
CharEncodingTest.testWorksOnJava1_2_2,9
StrBuilderTest.testEqualsIgnoreCase,17
MutableFloatTest.testSubtractValueObject,5
NumberUtilsTest.testMaximumFloat,10
DateUtilsTest.testSetMinutes,16
RangeTest.testEqualsObject,11
StrTokenizerTest.testBasicEmpty1,10
MutableFloatTest.testDecrement,6
ArrayUtilsRemoveMultipleTest.testRemoveAllIntArrayNegativeIndex,3
ObjectUtilsTest.testToString_Object,4
FastDateParserSDFTest.checkParse,36
CompareToBuilderTest.testLong,11
StrTokenizerTest.testBasicDelim2,6
StrTokenizerTest.testBasicDelim1,8
MutableDoubleTest.testToString,5
ValidateTest.testInclusiveBetween_withMessage,10
ToStringBuilderTest.testReflectionObjectArray,7
DateUtilsRoundingTest.testRoundHourOfDay,12
StrBuilderTest.testAsReader,62
RecursiveToStringStyleTest.testPerson,12
MutableDoubleTest.testSubtractValuePrimitive,5
NoClassNameToStringStyleTest.testPerson,7
MutableObjectTest.testHashCode,12
StrBuilderTest.testAppendToCharBuffer,9
NumberUtilsTest.testMinFloat,19
TimedSemaphoreTest.testShutdownOwnExecutor,7
RangeTest.testGetMinimum,6
WordUtilsTest.testInitials_String_charArray,74
ArrayUtilsRemoveMultipleTest.testRemoveAllNullDoubleArray,3
ToStringBuilderTest.testReflectionFloatArrayArray,7
MutablePairTest.testSerialization,10
NumberUtilsTest.testMinByte,12
StrBuilderAppendInsertTest.testAppend_StrBuilder,12
StrBuilderAppendInsertTest.testAppendSeparator_char_int,11
ClassPathUtilsTest.testToFullyQualifiedNameNullPackageString,3
ArrayUtilsRemoveMultipleTest.testRemoveElementBooleanArray,40
WordUtilsTest.testConstructor,8
TimedSemaphoreTest.testPassAfterShutdown,5
CompareToBuilderTest.testObjectArrayHiddenByObject,22
CharEncodingTest.testConstructor,3
StrMatcherTest.testSingleQuoteMatcher,7
MutableBooleanTest.testToString,4
ArrayUtilsRemoveMultipleTest.testRemoveElementByteArray,40
ToStringBuilderTest.testReflectionNull,3
StopWatchTest.testBooleanStates,18
DateUtilsFragmentTest.testHourOfDayFragmentInLargerUnitWithDate,4
CompareToBuilderTest.testFloatArray,22
StringUtilsSubstringTest.testSubstring_StringIntInt,15
ContextedRuntimeExceptionTest.testNullExceptionPassing,10
NumberUtilsTest.testCompareFloat,83
StaticContainer.getMutablePrivate,3
StrBuilderAppendInsertTest.testAppendAll_Array,14
ArrayUtilsRemoveMultipleTest.testRemoveAllLongArray,39
ClassPathUtilsTest.testToFullyQualifiedNamePackageString,5
DiffBuilderTest.testByteArrayEqualAsObject,14
ImmutableTripleTest.testEquals,8
EqualsBuilderTest.testInt,6
FastDateParserSDFTest.data,50
RangeTest.setUp,9
DiffBuilderTest.testByte,10
NumberUtilsTest.testMinDouble_nullArray,3
PairTest.testMapEntry,8
BooleanUtilsTest.test_toBooleanObject_String_String_String_String_nullValue,3
HashCodeBuilderTest.testToHashCodeEqualsHashCode,5
FieldUtilsTest.testGetFieldIllegalArgumentException3,3
ShortPrefixToStringStyleTest.testAppendSuper,7
BackgroundInitializerTest.testGetActiveExecutorTemp,6
CharUtilsTest.testIsAscii_char,15
FieldUtilsTest.testGetAllFields,8
StrSubstitutorTest.testReplaceSoloEscaping,3
StrBuilderTest.testGetCharsIntIntCharArrayInt,34
DateUtilsFragmentTest.testHoursOfMonthWithDate,6
MutableShortTest.testPrimitiveValues,9
BooleanUtilsTest.test_toString_boolean_String_String_String,4
HashCodeBuilderTest.testInt,4
DateUtilsRoundingTest.testRoundSecond,12
JsonToStringStyleTest.testAppendSuper,29
ImmutablePairTest.testBasic,12
JsonToStringStyleTest.testPerson,11
StaticContainer.getMutableProtected,3
CompareToBuilderTest.testCharArrayHiddenByObject,22
NumberUtilsTest.testMaxLong_nullArray,3
DefaultToStringStyleTest.testLongArray,8
ObjectUtilsTest.testCloneOfUncloneable,9
NumberUtilsTest.compareIsNumberWithCreateNumber,8
ObjectUtilsTest.testComparatorMedian_nullItems,3
ValidateTest.testIsTrue3,9
StrBuilderTest.testIndexOfLang294,5
DateFormatUtilsTest.testConstructor,8
ToStringBuilderTest.testFloatArray,8
DateUtilsFragmentTest.testHoursOfYearWithCalendar,6
EqualsBuilderTest.testShortArrayHiddenByObject,16
FieldUtilsTest.testReadStaticFieldForceAccessIllegalArgumentException2,5
FieldUtilsTest.testReadStaticFieldForceAccessIllegalArgumentException1,3
NumberUtilsTest.testConstructor,8
BooleanUtilsTest.testXor_object_validInput_3items,74
MutableByteTest.testCompareToNull,4
DateUtilsTest.testWeekIterator,38
FractionTest.testCompareTo,25
ArrayUtilsRemoveMultipleTest.testRemoveAllShortArray,39
FieldUtilsTest.testGetFieldsWithAnnotation,8
StringUtilsTrimEmptyTest.testIsNotBlank,7
DurationFormatUtilsTest.testFormatDurationISO,7
CompareToBuilderTest.testFloat,19
CharSetTest.testEquals_Object,21
ToStringBuilderTest.testReflectionByteArrayArray,7
EqualsBuilderTest.testLongArray,16
StrSubstitutorTest.testGetSetEscape,6
ValidateTest.testExclusiveBetweenLong,16
NumberUtilsTest.testLang1087,8
DateUtilsFragmentTest.testDateFragmentInLargerUnitWithCalendar,3
ValidateTest.testIsAssignableExceptionMessage,8
DateUtilsFragmentTest.testSecondsofHourWithDate,8
ArrayUtilsRemoveMultipleTest.testRemoveAllFloatArrayOutOfBoundsIndex,3
ObjectUtilsTest.testMedian_emptyItems,3
DurationFormatUtilsTest.testFormatDuration,31
NumericEntityEscaperTest.testBetween,6
FieldUtilsTest.testWriteField,23
DateUtilsTest.testRound,207
BooleanUtilsTest.testOr_primitive_emptyInput,3
RandomUtilsTest.testNextDoubleNegative,3
ValidateTest.testNotBlankReturnValues1,5
CompareToBuilderTest.testMultiIntArray,21
ValidateTest.testMatchesPattern_withMessage,14
MutableShortTest.testSubtractValuePrimitive,5
StrSubstitutorTest.testReplaceRecursive,13
StandardToStringStyleTest.testBlank,3
DurationFormatUtilsTest.testJiraLang281,4
MutableFloatTest.testConstructors,7
PairTest.testToStringCustom,6
DurationFormatUtilsTest.testFormatPeriodISO,20
BooleanUtilsTest.test_toBoolean_int_int_int,4
DurationFormatUtilsTest.testLANG984,8
MultiBackgroundInitializerTest.testAddInitializerNullName,3
DurationFormatUtilsTest.testLANG982,10
StrBuilderAppendInsertTest.testAppendPadding,14
FieldUtilsTest.testGetFieldsListWithAnnotationIllegalArgumentException2,3
FieldUtilsTest.testGetFieldsListWithAnnotationIllegalArgumentException3,3
FieldUtilsTest.testGetFieldsListWithAnnotationIllegalArgumentException1,3
ImmutablePairTest.testPairOf,12
CharSetTest.testConstructor_String_oddCombinations,42
HashCodeBuilderTest.testFloat,6
HashCodeBuilderTest.testIntArray,9
HashCodeBuilderTest.testObjectBuild,6
NumberUtilsTest.testMaxLong_emptyArray,3
CallableBackgroundInitializerTest.testInitialize,7
MultilineRecursiveToStringStyleTest.nestedAndArray,21
NumberUtilsTest.testMaximumLong,7
FieldUtilsTest.testGetFieldForceAccess,17
ConstructorUtilsTest.singletonArray,8
BooleanUtilsTest.test_toBoolean_Integer_Integer_Integer,8
RangeTest.testIsOverlappedBy,14
PairTest.testComparable1,8
MutableIntTest.testToInteger,4
ToStringBuilderTest.testByte,5
ImmutablePairTest.testToString,6
StrBuilderTest.testLastIndexOf_String_int,25
ToStringBuilderTest.testReflectionIntArrayArray,7
StringUtilsSubstringTest.testCountMatches_String,13
ObjectUtilsTest.testEquals,7
BitFieldTest.testGetShortRawValue,8
FastDateFormatTest.measureTime,34
StrBuilderTest.testReadFromCharBufferAppendsToEnd,5
BooleanUtilsTest.test_toStringTrueFalse_Boolean,5
DiffBuilderTest.testStylePassedToDiffResult,8
ArrayUtilsRemoveTest.testRemoveCharArray,27
DiffTest.testGetFieldName,3
ImmutablePairTest.testEquals,8
BackgroundInitializerTest.testIsStartedAfterGet,6
FieldUtilsTest.testConstructor,8
BooleanUtilsTest.testAnd_object_validInput_3items,66
ReflectionToStringBuilderExcludeTest.test_toStringExcludeCollectionWithNull,6
DateUtilsFragmentTest.testMillisecondsOfMinuteWithCalender,4
StrSubstitutorTest.testReplaceAdjacentAtStart,6
RangeTest.testHashCode,6
NumericEntityEscaperTest.testBelow,6
StrBuilderTest.testGetSetNullText,12
EqualsBuilderTest.testReflectionEquals,12
UnicodeUnpairedSurrogateRemoverTest.testValidCharacters,5
StrMatcherTest.testStringMatcher_String,11
MutableFloatTest.testCompareTo,6
ArrayUtilsRemoveMultipleTest.testRemoveAllShortArrayOutOfBoundsIndex,3
DateUtilsFragmentTest.testMinutesOfDayWithDate,7
ToStringBuilderTest.testShortArrayArray,8
NoClassNameToStringStyleTest.testBlank,3
MutableLongTest.testConstructorNull,3
JsonToStringStyleTest.testLongArrayArray,24
DateUtilsFragmentTest.testMinutesOfHourWithCalendar,4
FieldUtilsTest.testRemoveFinalModifierWithoutAccess,8
MutableFloatTest.testSetNull,4
MutableTripleTest.testDefault,6
ObjectUtilsTest.testNotEqual,7
EqualsBuilderTest.testMultiByteArray,14
HashCodeBuilderTest.testBoolean,4
StrBuilderTest.testSubSequenceIntInt,23
ArrayUtilsRemoveTest.testRemoveElementCharArray,17
StringUtilsIsTest.testIsNumeric,20
StrBuilderAppendInsertTest.testAppendFixedWidthPadLeft_int,24
DiffBuilderTest.testTriviallyEqualTestEnabled,13
BooleanUtilsTest.testXor_primitive_emptyInput,3
MutableLongTest.testPrimitiveValues,9
CompareToBuilderTest.testMultiBooleanArray,21
StrLookupTest.testNoneLookup,5
PairTest.testPairOf,10
ValidateTest.testValidIndex_array,20
CompareToBuilderTest.testReflectionCompareEx2,5
FractionTest.testFactory_double,67
NoFieldNamesToStringStyleTest.testLong,5
ContextedRuntimeExceptionTest.testContextedException,7
FieldUtilsTest.testReadNamedStaticField,36
NotImplementedExceptionTest.testConstructors,17
NumberUtilsTest.testStringToDoubleString,9
FieldUtilsTest.testGetFieldIllegalArgumentException2,3
FieldUtilsTest.testGetFieldIllegalArgumentException1,3
TimedSemaphoreTest.testShutdownSharedExecutorTask,14
MultilineRecursiveToStringStyleTest.intArray,16
FieldUtilsTest.testGetFieldIllegalArgumentException4,3
ValidateTest.testIsTrue4,9
ValidateTest.testIsTrue5,9
JsonToStringStyleTest.setUp,3
ConstantInitializerTest.testToStringNull,4
ValidateTest.testIsTrue2,9
StrTokenizerTest.testEmpty,11
ArrayUtilsRemoveMultipleTest.testRemoveAllFloatArrayRemoveNone,7
DiffBuilderTest.testObject,10
StrBuilderTest.testIndexOf_StrMatcher,14
NumberUtilsTest.testToIntString,6
FormattableUtilsTest.testAlternatePadCharAndEllipsis,22
FractionTest.testFactory_String_improper,37
StrSubstitutorTest.testStaticReplacePrefixSuffix,5
CharSetTest.testConstructor_String_oddDash,38
FractionTest.testConversions,8
RandomStringUtilsTest.testRandomAlphabetic,18
ImmutableTripleTest.testToString,9
ImmutablePairTest.testHashCode,3
MultilineRecursiveToStringStyleTest.longArray,16
ArrayUtilsRemoveTest.testRemoveByteArray,27
StrBuilderTest.testToCharArray,11
ContextedRuntimeExceptionTest.testContextedExceptionThrowable,8
StrLookupTest.testSystemPropertiesLookupNotSingleton,11
StandardToStringStyleTest.setUp,3
NumberUtilsTest.testMinDouble_emptyArray,3
MultiBackgroundInitializerTest.checkChild,11
NumberUtilsTest.TestLang747,28
ContextedExceptionTest.testContextedExceptionThrowable,8
CharSetUtilsTest.testDelete_StringStringarray,21
EqualsBuilderTest.testBooleanArray,16
DateFormatUtilsTest.testTimeNoTISO,21
SystemUtilsTest.testConstructor,8
StrBuilderAppendInsertTest.testAppendAll_Collection,11
MultilineRecursiveToStringStyleTest.noArray,12
ConstructorUtilsTest.testGetAccessibleConstructor,7
ValidateTest.testNotNull2,12
MutableBooleanTest.testGetSet,22
NoFieldNamesToStringStyleTest.setUp,3
BitFieldTest.testSetValue,16
BooleanUtilsTest.test_toBooleanObject_String,32
NumberUtilsTest.testCreateFloatFailure,7
FieldUtilsTest.testWriteDeclaredNamedStaticField,39
ValidateTest.testNotEmptyString2,18
DateUtilsFragmentTest.testMillisecondsOfMinuteWithDate,4
ToStringStyleTest.testSetSizeStartText,5
StrTokenizerTest.test4,15
StrBuilderTest.testLength,6
StrTokenizerTest.test6,25
StrTokenizerTest.test7,15
ValidateTest.testNotBlankNullStringShouldThrow,9
StrTokenizerTest.test1,15
FieldUtilsTest.testGetAllFieldsList,10
StrTokenizerTest.test3,15
CharUtilsTest.testToUnicodeEscaped_Character,4
StrTokenizerTest.test8,15
ToStringBuilderTest.testGetSetDefault,8
ContextedExceptionTest.testContextedExceptionStringThrowable,9
FractionTest.testEquals,17
ArrayUtilsRemoveMultipleTest.testRemoveAllCharArray,39
StringUtilsTrimEmptyTest.testIsNotEmpty,7
DateUtilsFragmentTest.testSecondsOfYearWithCalendar,9
StrBuilderAppendInsertTest.testAppendln_StrBuilder_int_int,20
DateUtilsFragmentTest.testDaysOfMonthWithDate,6
StrBuilderAppendInsertTest.toString,3
ValidateTest.testNotEmptyMap2,19
EqualsBuilderTest.testByte,6
ConstructorUtilsTest.testGetMatchingAccessibleMethod,40
ArrayUtilsRemoveMultipleTest.testRemoveAllLongArrayRemoveNone,7
StrTokenizerTest.testConstructor_charArray_char_char,12
BackgroundInitializerTest.testSetExternalExecutorAfterStart,10
StrSubstitutorTest.testReplaceSimple,3
MutableFloatTest.testToFloat,4
FastDateFormat_PrinterTest.getInstance,3
NumberUtilsTest.testMinLong,12
MutableDoubleTest.testConstructors,7
StrBuilderTest.testChaining,12
MultiBackgroundInitializerTest.checkInitialize,24
JavaVersionTest.testGetJavaVersion,14
ToStringBuilderTest.testCharArrayArray,8
JsonToStringStyleTest.testLong,12
NumberUtilsTest.testMinShort,12
ToStringBuilderTest.testReflectionShortArray,7
MutableLongTest.testToLong,4
StrBuilderAppendInsertTest.testLang299,5
DateUtilsRoundingTest.testRoundDate,12
EqualsBuilderTest.testIntArrayHiddenByObject,16
HashCodeBuilderAndEqualsBuilderTest.testFixture,9
ConstructorUtilsTest.testInvokeExactConstructor,33
DiffBuilderTest.testShort,10
NumberUtilsTest.testCreateBigDecimalFailure,7
CharSetUtilsTest.testKeep_StringString,13
CompareToBuilderTest.testReflectionCompareEx1,4
NumberUtilsTest.testMaxFloat_nullArray,3
StrSubstitutorTest.testCyclicReplacement,24
ToStringBuilderTest.testLongArray,8
StopWatchTest.testStopWatchSimpleGet,8
StrTokenizerTest.testConstructor_charArray_char,11
StrTokenizerTest.test2,15
ArrayUtilsRemoveMultipleTest.testRemoveAllObjectArrayOutOfBoundsIndex,3
MultiLineToStringStyleTest.testAppendSuper,7
NumberUtilsTest.testMinFloat_nullArray,3
ToStringBuilderTest.testLongArrayArray,8
MutableTripleTest.testSerialization,10
CharSetTest.testConstructor_String_combo,32
StrTokenizerTest.testReset,12
HashCodeBuilderTest.testBooleanMultiArray,14
BooleanUtilsTest.test_toBoolean_int,5
RangeTest.testGetMaximum,6
ArrayUtilsRemoveMultipleTest.testRemoveAllShortArrayRemoveNone,7
BooleanUtilsTest.test_toIntegerObject_Boolean,5
BooleanUtilsTest.testXor_primitive_nullInput,3
StrBuilderAppendInsertTest.testAppend_StringBuffer_int_int,42
CompareToBuilderTest.testObjectBuild,12
ObjectUtilsTest.testConstructor,8
RangeTest.testIntersectionWithNull,3
InheritanceUtilsTest.testDistanceNullChild,3
StrBuilderAppendInsertTest.testAppendWithSeparators_Array,17
BasicThreadFactoryTest.testNewThreadNoPriority,13
ToStringBuilderTest.testReflectionHierarchy,22
EqualsBuilderTest.testLong,6
ConstructorUtilsTest.toString,3
BasicThreadFactoryTest.testNewThreadDaemonFalse,3
MutableShortTest.testAddValuePrimitive,5
EqualsBuilderTest.testLongArrayHiddenByObject,16
ArrayUtilsRemoveMultipleTest.testRemoveElementCharArray,40
StrBuilderTest.testIndexOf_String,13
StrBuilderAppendInsertTest.testAppendln_StringBuffer_int_int,20
ClassPathUtilsTest.testToFullyQualifiedPathClassNullString,3
RangeTest.testIntersectionWithNonOverlapping,3
DefaultExceptionContextTest.testFormattedExceptionMessageNull,4
MultiLineToStringStyleTest.testPerson,8
MutableObjectTest.testGetSet,8
NumberUtilsTest.testMinimumByte,9
ValidateTest.testNotEmptyMap1,19
ValidateTest.testNotBlankMsgBlankStringShouldThrow,9
NoFieldNamesToStringStyleTest.testLongArrayArray,8
StringUtilsStartsEndsWithTest.testEndsWith,20
EventUtilsTest.testAddEventListenerWithNoAddMethod,15
MutableDoubleTest.testIncrement,6
ClassPathUtilsTest.testToFullyQualifiedNameClassNull,3
ArrayUtilsRemoveMultipleTest.testRemoveAllIntArrayOutOfBoundsIndex,3
InheritanceUtilsTest.testDistanceEqualObject,3
DateUtilsRoundingTest.baseTruncateTest,22
TimedSemaphoreTest.testInit,17
DiffResultTest.testNullLhs,4
StrTokenizerTest.testXSVAbc,24
ArrayUtilsRemoveMultipleTest.testRemoveAllByteArrayNegativeIndex,3
FastDateFormatTest.testLang954,4
NumericEntityUnescaperTest.testOutOfBounds,7
RandomUtilsTest.testNextLongLowerGreaterUpper,3
MultiLineToStringStyleTest.testLongArrayArray,8
StandardToStringStyleTest.testLong,5
HashCodeBuilderTest.testDoubleArrayAsObject,12
DefaultToStringStyleTest.testObjectArray,8
CompareToBuilderTest.testDouble,19
StringUtilsTrimEmptyTest.testStripToNull_String,9
WordUtilsTest.testUncapitalizeWithDelimiters_String,15
DurationFormatUtilsTest.testFormatPeriod,47
HashCodeBuilderTest.testBooleanArrayAsObject,8
StrTokenizerTest.testIteration,36
ValidateTest.testExclusiveBetweenDouble_withMessage,16
DateUtilsTest.testIsSameLocalTime_Cal,22
DiffResultTest.testNoDifferencesString,5
MultiBackgroundInitializerTest.testInitializeRuntimeEx,12
StandardToStringStyleTest.testLongArray,8
MutableObjectTest.testConstructors,7
StrTokenizerTest.testTSV,4
StrBuilderTest.testCapacityAndLength,69
UnicodeUnescaperTest.testLessThanFour,9
HashCodeBuilderTest.testReflectionHierarchyHashCode,8
NumberUtilsTest.testStringCreateNumberEnsureNoPrecisionLoss,8
DateUtilsFragmentTest.testNullCalendar,22
RandomUtilsTest.testNextDoubleLowerGreaterUpper,3
NumberUtilsTest.compareShort,5
ReflectionToStringBuilderExcludeTest.test_toStringExcludeArray,4
RangeTest.testContains,8
ValidateTest.testExclusiveBetweenLong_withMessage,16
ToStringBuilderTest.testFloat,5
RangeTest.testIsEndedBy,8
SimpleToStringStyleTest.setUp,3
ValidateTest.testNotEmptyCollection2,19
DateUtilsTest.testAddMonths,15
ValidateTest.testNotEmptyCollection1,19
DateUtilsTest.testLANG799_EN_FAIL,9
TimedSemaphoreTest.testShutdownMultipleTimes,15
MutablePairTest.testHashCode,3
DateUtilsFragmentTest.testDayOfYearFragmentInLargerUnitWithDate,3
LookupTranslatorTest.testBasicLookup,7
BooleanUtilsTest.test_toBooleanDefaultIfNull_Boolean_boolean,8
BooleanUtilsTest.testXor_primitive_validInput_3items,34
ReflectionToStringBuilderExcludeTest.test_toStringExclude,4
StrBuilderTest.testEnsureCapacity,10
DurationFormatUtilsTest.assertEqualDuration,9
PairTest.testFormattable_padded,4
ArrayUtilsRemoveMultipleTest.testRemoveElementFloatArray,40
RandomStringUtilsTest.testRandomAlphaNumeric,18
StrSubstitutorTest.testReplaceToIdentical,5
UnicodeEscaperTest.testBetween,6
ContextedExceptionTest.setUp,4
MutableLongTest.testSubtractValueObject,6
NumberUtilsTest.testCreateBigInteger,21
StrSubstitutorTest.testGetSetSuffix,23
FractionTest.testSubtract,91
MultiLineToStringStyleTest.testObject,16
HashCodeBuilderTest.testLongArrayAsObject,10
EqualsBuilderTest.testReset,8
DateUtilsFragmentTest.testMillisecondsOfSecondWithCalendar,5
FieldUtilsTest.testGetFieldsListWithAnnotation,11
NumberUtilsTest.testMaxShort,16
ObjectUtilsTest.testPossibleCloneOfUncloneable,9
CharUtilsTest.testConstructor,8
BooleanUtilsTest.testXor_object_emptyInput,3
DefaultToStringStyleTest.tearDown,3
DiffBuilderTest.testIntArray,12
DateUtilsRoundingTest.roundToJanuaryFirst,22
StrSubstitutorTest.testReplaceEmptyKeys,4
StrBuilderAppendInsertTest.testInsertWithNullText,41
EqualsBuilderTest.testSuper,8
ObjectUtilsTest.testConstMethods,55
BooleanUtilsTest.testAnd_object_emptyInput,3
ArrayUtilsRemoveMultipleTest.testRemoveAllDoubleArrayNegativeIndex,3
StrSubstitutorTest.doTestReplace,54
MutableDoubleTest.testNanInfinite,8
MutablePairTest.testEquals,8
BooleanUtilsTest.test_toBooleanObject_Integer_Integer_Integer_Integer_nullValue,3
NumberUtilsTest.testToFloatStringF,4
DurationFormatUtilsTest.testLowDurations,13
ArrayUtilsRemoveMultipleTest.testRemoveAllBooleanArrayRemoveNone,7
ReflectionToStringBuilderExcludeTest.test_toStringExcludeCollection,6
StrBuilderTest.testReplace_StrMatcher_String_int_int_int_VaryStartIndex,47
FieldUtilsTest.testWriteDeclaredNamedFieldForceAccess,38
MutableByteTest.testToString,5
DateUtilsTest.testSetYears,15
EventUtilsTest.testBindFilteredEventsToMethod,11
MutableTripleTest.testMutate,9
CharUtilsTest.testToChar_Character_char,5
ValidateTest.testValidIndex_withMessage_collection,22
StrBuilderAppendInsertTest.testAppend_StringBuilder,12
BooleanUtilsTest.test_toBoolean_String_String_String,11
ArrayUtilsRemoveMultipleTest.testRemoveAllObjectArrayRemoveNone,7
NumberUtilsTest.testCreateNumberFailure_4,3
FastDateFormatTest.testCheckDifferingStyles,12
ClassPathUtilsTest.testToFullyQualifiedNameClassString,5
ShortPrefixToStringStyleTest.setUp,3
FieldUtilsTest.testReadField,23
StrSubstitutorTest.setUp,5
StrBuilderTest.testReadFromCharBuffer,10
ToStringBuilderTest.testReflectionCharacter,4
ToStringBuilderTest.testObjectCycle,8
ContextedExceptionTest.testNullExceptionPassing,10
BooleanUtilsTest.testXor_object_nullInput,3
ToStringBuilderTest.testReflectionDoubleArrayArray,7
InheritanceUtilsTest.testDistanceNullParent,3
StrTokenizerTest.testBasicQuotedTrimmed1,11
EqualsBuilderTest.testAccessors,8
FieldUtilsTest.testReadNamedFieldForceAccess,34
NumberUtilsTest.testIsParsable,19
ValidateTest.testInclusiveBetweenDouble_withMessage,11
PairTest.testFormattable_simple,4
BasicThreadFactoryTest.testNewThreadNamingPattern,18
DateUtilsFragmentTest.testSecondFragmentInLargerUnitWithDate,6
RangeTest.testComparableConstructors,13
ValidateTest.testNoNullElementsCollection1,22
WordUtilsTest.testWrap_StringIntStringBoolean,56
RandomUtilsTest.testNextDouble,4
CompareToBuilderTest.testMultiDoubleArray,21
CharSetUtilsTest.testContainsAny_StringString,11
ConstantInitializerTest.testEqualsWithOtherObjects,5
NoFieldNamesToStringStyleTest.testObjectArray,8
CharSetTest.testHashCode,14
BooleanUtilsTest.testAnd_object_validInput_2items,22
BitFieldTest.testIsSet,12
ContextedRuntimeExceptionTest.setUp,4
ShortPrefixToStringStyleTest.tearDown,3
FastDateFormat_ParserTest.getInstance,3
BooleanUtilsTest.testOr_primitive_validInput_2items,14
FastDateFormatTest.test_getInstance,5
NumberUtilsTest.testToFloatString,9
FieldUtilsTest.testReadStaticFieldForceAccess,4
EqualsBuilderTest.testMultiFloatArray,14
ArrayUtilsRemoveTest.testRemoveElementLongArray,17
BitFieldTest.testGetShortValue,8
CompareToBuilderTest.testMixedArray,24
StrSubstitutorTest.testGetSetValueDelimiter,15
StrBuilderTest.testDeleteFirst_StrMatcher,13
EqualsBuilderTest.testMultiDoubleArray,14
NumberUtilsTest.testMaxInt_nullArray,3
ValidateTest.testNotBlankNotBlankStringWithWhitespacesShouldNotThrow,4
MultiLineToStringStyleTest.testLong,5
StrSubstitutorTest.testReplaceNoPrefixNoSuffix,3
RandomStringUtilsTest.testRandomAscii,19
BackgroundInitializerTest.testIsStartedFalse,4
TimedSemaphoreTest.testGetAverageCallsPerPeriod,19
StrBuilderAppendInsertTest.testAppendWithSeparators_Collection,17
ObjectUtilsTest.testHashCodeMulti_multiple_emptyArray,4
HashCodeBuilderTest.testReflectionObjectCycle,10
MultiBackgroundInitializerTest.testResultGetInitializerUnknown,4
DateUtilsTest.testIsSameDay_Date,15
DateUtilsFragmentTest.testHourOfDayFragmentInLargerUnitWithCalendar,4
DateUtilsFragmentTest.testNullDate,22
ArrayUtilsRemoveMultipleTest.testRemoveAllDoubleArray,39
StrTokenizerTest.testReset_charArray,9
ToStringStyleTest.testSetArrayEnd,5
CharUtilsTest.testIsAsciiAlphaLower_char,15
MutableShortTest.testGetSet,18
MutableLongTest.testHashCode,9
CharUtilsTest.testIsAsciiAlphaUpper_char,15
HashCodeBuilderAndEqualsBuilderTest.assertEqualsAndHashCodeContract,7
NumberUtilsTest.testToIntStringI,4
RandomUtilsTest.testNextFloatLowerGreaterUpper,3
DurationFormatUtilsTest.testFormatPeriodISOMethod,5
StrBuilderAppendInsertTest.testAppendSeparator_String,9
MultiLineToStringStyleTest.testLongArray,8
RandomUtilsTest.testNextFloatNegative,3
StrBuilderAppendInsertTest.testAppendln_PrimitiveNumber,14
NumberUtilsTest.testLang300,5
ValidateTest.testInclusiveBetweenLong_withMessage,11
StrTokenizerTest.testGetContent,9
BooleanUtilsTest.test_toIntegerObject_boolean,4
RandomUtilsTest.testNextDoubleMinimalRange,3
ObjectUtilsTest.testPossibleCloneOfCloneable,5
StrBuilderTest.testLeftString,7
BitFieldTest.testSetShortValue,16
StrBuilderTest.testClear,7
BooleanUtilsTest.testAnd_object_nullInput,3
MultiBackgroundInitializerTest.testResultInitializerNamesModify,8
ArrayUtilsRemoveTest.testRemoveElementObjectArray,17
BooleanUtilsTest.testOr_object_nullElementInput,3
StrBuilderTest.testSubstringInt,15
NoFieldNamesToStringStyleTest.testAppendSuper,7
ValidateTest.testIsInstanceOf_withMessageArgs,22
NumberUtilsTest.testCreateDoubleFailure,7
CompareToBuilderTest.testObjectComparator,15
MultiLineToStringStyleTest.tearDown,3
DateUtilsFragmentTest.testMillisecondsOfHourWithDate,4
CharUtilsTest.testToIntValue_char,15
StringUtilsTrimEmptyTest.testStrip_StringString,23
DefaultToStringStyleTest.testAppendSuper,7
RandomStringUtilsTest.testRandomNumeric,18
MultiLineToStringStyleTest.setUp,3
StrBuilderTest.testTrim,14
StrBuilderTest.testContains_char,7
CharSetUtilsTest.testDelete_StringString,12
StrBuilderTest.testSetLength,15
ArrayUtilsRemoveMultipleTest.testRemoveAllIntArrayRemoveNone,7
StrBuilderTest.testReadFromReadable,10
ToStringStyleTest.testSetContentEnd,5
StrBuilderTest.testReplaceFirst_StrMatcher_String,28
ValidateTest.testNotEmptyString1,18
FieldUtilsTest.testRemoveFinalModifierWithAccess,8
DiffResultTest.testToStringOutput,8
DateUtilsFragmentTest.testMinutesOfYearWithDate,9
NumberUtilsTest.compareByte,5
NumberUtilsTest.testMinimumLong,7
StrSubstitutorTest.testReplaceUnknownKey,4
FieldUtilsTest.setUp,6
StrBuilderTest.testReplace_StrMatcher_String_int_int_int_VaryEndIndex,41
NumberUtilsTest.testMaxDouble_emptyArray,3
NumberUtilsTest.testLANG992,4
StringUtilsTrimEmptyTest.testTrim,11
WordUtilsTest.testWrap_StringInt,22
ToStringStyleTest.testSetSummaryObjectEndText,5
DurationFormatUtilsTest.testBugzilla38401,4
MutableDoubleTest.testGetSet,14
EventUtilsTest.testBindEventsToMethodWithEvent,9
HashCodeBuilderTest.testShortArray,9
MutableByteTest.testSetNull,4
FastDateFormatTest.testTimeDefaults,8
ValidateTest.testValidIndex_charSequence,20
ShortPrefixToStringStyleTest.testObject,16
InheritanceUtilsTest.testDistanceEqual,3
PairTest.testCompatibilityBetweenPairs,12
StrBuilderTest.testAppendToWriter,7
StandardToStringStyleTest.testPerson,8
ValidateTest.testNotBlankMsgNotBlankStringWithNewlinesShouldNotThrow,4
CompareToBuilderTest.testByte,11
BooleanUtilsTest.testAnd_object_nullElementInput,3
ValidateTest.testNotBlankNotBlankStringWithNewlinesShouldNotThrow,4
JavaVersionTest.testAtLeast,7
MutableTripleTest.testBasic,10
EqualsBuilderTest.testBoolean,6
NumberUtilsTest.testMinFloat_emptyArray,3
MutableIntTest.testHashCode,9
DateUtilsTest.testIsSameDay_Cal,15
IEEE754rUtilsTest.testLang381,20
DefaultExceptionContextTest.setUp,4
DurationFormatUtilsTest.testFormatNegativeDuration,3
BackgroundInitializerTest.testGetActiveExecutorExternal,12
SimpleToStringStyleTest.testLongArrayArray,8
DiffBuilderTest.testFloatArray,12
SystemUtilsTest.testGetJavaHome,5
DateUtilsTest.testIsSameInstant_Date,15
StopWatchTest.testGetStartTime,22
DateUtilsTest.testIteratorEx,21
ArrayUtilsRemoveMultipleTest.testRemoveAllNullCharArray,3
StrBuilderTest.testToStringBuffer,6
EqualsBuilderTest.testByteArrayHiddenByObject,16
StrBuilderTest.testReplaceAll_StrMatcher_String,28
MutableIntTest.testConstructors,7
MultiBackgroundInitializerTest.testResultIsExceptionUnknown,4
DateUtilsFragmentTest.testMinutesOfHourWithDate,4
NumberUtilsTest.testLANG972,4
NumberUtilsTest.testLANG971,7
CharSetUtilsTest.testKeep_StringStringarray,20
MutableTripleTest.testTripleOf,10
ValidateTest.testIsAssignable_withMessage,10
StrSubstitutorTest.testConstructorMapPrefixSuffix,6
StrSubstitutorTest.testReplaceIncompletePrefix,3
StrBuilderTest.testToCharArrayIntInt,26
ObjectUtilsTest.testCloneOfNotCloneable,4
StrBuilderTest.testReplaceAll_String_String,25
RandomUtilsTest.testExtremeRangeDouble,4
ReflectionToStringBuilderMutateInspectConcurrencyTest.testConcurrency,13
ConstructorUtilsTest.expectMatchingAccessibleConstructorParameterTypes,8
MultilineRecursiveToStringStyleTest.toString,3
ConstructorUtilsTest.Constructor,3
TimedSemaphoreTest.testAcquireMultipleThreads,28
MutablePairTest.testPairOf,8
TripleTest.testFormattable_padded,4
FractionTest.testDivide,48
ValidateTest.testNoNullElementsCollection2,22
HashCodeBuilderTest.testReflectionHashCodeEx2,3
HashCodeBuilderTest.testReflectionHashCodeEx3,3
RangeTest.testBetweenWithCompare,20
HashCodeBuilderTest.testReflectionHashCodeEx1,3
ArrayUtilsRemoveTest.testRemoveLongArray,27
DateUtilsRoundingTest.testRoundMilliSecond,10
JsonToStringStyleTest.testObject,72
UnicodeUnescaperTest.testUuuuu,6
BooleanUtilsTest.testOr_object_validInput_3items,66
StrBuilderTest.testIndexOf_char,8
FieldUtilsTest.testReadDeclaredNamedField,66
ValidateTest.testNotBlankEmptyStringShouldThrow,9
MutableIntTest.testCompareTo,6
NumberUtilsTest.testMaxInt,16
JsonToStringStyleTest.testNull,3
FastDateParserSDFTest.testUpperCase,3
UnicodeUnescaperTest.testUPlus,5
FieldUtilsTest.testWriteStaticField,47
HashCodeBuilderTest.testConstructorExEvenNegative,3
NumberUtilsTest.testCompareDouble,83
DiffBuilderTest.testDoubleArray,12
ArrayUtilsRemoveMultipleTest.testRemoveAllByteArrayRemoveNone,7
ContextedExceptionTest.testContextedExceptionStringThrowableContext,9
ToStringBuilderTest.testReflectionHierarchyArrayList,16
DurationFormatUtilsTest.testFormatDurationHMS,20
EqualsBuilderTest.testChar,6
MutableFloatTest.testGetSet,14
BooleanUtilsTest.test_isTrue_Boolean,5
NumberUtilsTest.testMaximumDouble,10
StrTokenizerTest.testCSVSimpleNeedsTrim,5
BackgroundInitializerTest.testSetExternalExecutor,15
DateUtilsTest.assertCalendarsEquals,6
MutableDoubleTest.testConstructorNull,3
RandomUtilsTest.testNextIntLowerGreaterUpper,3
StrBuilderAppendInsertTest.testAppend_String_int_int,44
DurationFormatUtilsTest.testLexx,43
MutableIntTest.testAddValuePrimitive,6
RandomUtilsTest.testNextBytes,4
BasicThreadFactoryTest.checkFactoryDefaults,8
ToStringBuilderTest.testInt,5
DateUtilsTest.testSetMilliseconds,16
RecursiveToStringStyleTest.testObjectArray,8
NumberUtilsTest.testMaxInt_emptyArray,3
StrBuilderAppendInsertTest.testAppendSeparator_char_char,12
StringUtilsSubstringTest.testMid_String,18
NoFieldNamesToStringStyleTest.testObject,16
Parent.doIt,2
ConstructorUtilsTest.testConstructor,3
StrSubstitutorTest.testReplaceChangedMap,5
MutableFloatTest.testCompareToNull,4
ToStringBuilderTest.testReflectionyteArray,7
StrTokenizerTest.testBasicEmpty2,11
MutablePairTest.testBasic,8
StringUtilsTrimEmptyTest.testStripEnd_StringString,23
SystemUtilsTest.testIS_OS,39
BooleanUtilsTest.testOr_object_nullInput,3
RecursiveToStringStyleTest.testLongArray,8
ObjectUtilsTest.testComparatorMedian,13
CharEncodingTest.warn,3
CharSetTest.testGetInstance_Stringarray,6
DiffBuilderTest.testDouble,10
ConstantInitializerTest.checkEquals,10
FastDateFormatTest.test_changeDefault_Locale_DateInstance,17
MutableLongTest.testCompareTo,6
InheritanceUtilsTest.testDistanceDisjoint,3
ToStringStyleTest.testSetFieldSeparator,5
EntityArraysTest.testConstructorExists,3
BackgroundInitializerTest.checkInitialize,10
ToStringStyleTest.testSetContentStart,5
DateUtilsFragmentTest.testHoursOfDayWithCalendar,7
DateUtilsFragmentTest.testMillisecondsOfYearWithDate,8
MutableBooleanTest.testCompareToNull,4
StrTokenizerTest.testBasic3,8
StrTokenizerTest.testBasic2,8
StrTokenizerTest.testBasic1,8
StrTokenizerTest.testBasic5,8
StrTokenizerTest.testBasic4,8
StrBuilderAppendInsertTest.testAppendFixedWidthPadRight_int,24
SimpleToStringStyleTest.testPerson,7
ToStringBuilderTest.testReflectionhortArrayArray,7
DateUtilsFragmentTest.testDateFragmentInLargerUnitWithDate,3
ValidateTest.testNotBlankBlankStringWithNewlinesShouldThrow,9
CharSetUtilsTest.testCount_StringStringarray,19
BooleanUtilsTest.testXor_object_validInput_2items,26
SystemUtilsTest.testJavaAwtHeadless,18
SystemUtilsTest.testOSMatchesNameAndVersion,23
StrSubstitutorTest.testReplacePartialString_noReplace,4
TripleTest.testTripleOf,12
CompareToBuilderTest.testObjectComparatorNull,12
StrBuilderAppendInsertTest.testAppend_CharArray,10
CharSetTest.testConstructor_String_simple,32
DateUtilsTest.testAddYears,15
DateUtilsFragmentTest.testInvalidFragmentWithCalendar,22
EqualsBuilderTest.testCyclicalObjectReferences,20
JavaVersionTest.testToString,3
DiffTest.testToString,4
RangeTest.testIsBefore,8
ArrayUtilsRemoveMultipleTest.testRemoveElementLongArray,40
ObjectUtilsTest.testCloneOfStringArray,4
RandomUtilsTest.testNextLong,4
ClassPathUtilsTest.testConstructor,8
NumberUtilsTest.compareLong,5
NumberUtilsTest.testMinDouble,19
FastDateFormatTest.test_getInstance_String_Locale,14
StrBuilderAppendInsertTest.testAppendWithNullText,21
EqualsBuilderTest.testNpeForNullElement,5
CharUtilsTest.testToIntValue_Character_int,6
FieldUtilsTest.testReadDeclaredNamedFieldForceAccess,50
WordUtilsTest.testCapitalize_String,11
DateUtilsFragmentTest.testMillisecondsOfDayWithDate,7
StrBuilderAppendInsertTest.testAppendln_StrBuilder,20
ArrayUtilsRemoveMultipleTest.testRemoveAllNullFloatArray,3
EqualsBuilderTest.testReflectionEqualsEquivalenceRelationship,32
ValidateTest.testNotBlankBlankStringWithWhitespacesShouldThrow,9
StrBuilderTest.testEndsWith,15
AtomicSafeInitializerTest.setUp,3
CompareToBuilderTest.testDoubleArray,22
NumberUtilsTest.testToShortString,6
NumberUtilsTest.testCreateBigDecimal,14
FractionTest.testMultiply,56
StrBuilderTest.testLastIndexOf_String,13
RecursiveToStringStyleTest.testLongArrayArray,8
FastDateFormatTest.testTimeDateDefaults,8
MutableLongTest.testSetNull,4
MutableLongTest.testEquals,15
NoFieldNamesToStringStyleTest.testPerson,8
MultiBackgroundInitializerTest.testResultGetResultObjectUnknown,4
ValidateTest.testIsInstanceOf_withMessage,10
AtomicSafeInitializerTest.createInitializer,3
FormattableUtilsTest.testEllipsis,22
StrBuilderTest.testContains_String,8
FieldUtilsTest.testReadFieldForceAccess,27
BooleanUtilsTest.test_toBooleanObject_int,5
FractionTest.testAbs,24
DateUtilsTest.testAddMilliseconds,15
StrBuilderTest.testReadFromReader,10
DateUtilsTest.warn,3
FieldUtilsTest.testRemoveFinalModifierAccessNotNeeded,8
CharUtilsTest.testIsAsciiAlphanumeric_char,15
NumberUtilsTest.testMinInt_nullArray,3
StrSubstitutorTest.testSubstituteDefaultProperties,6
StrBuilderTest.testAsBuilder,4
ReflectionToStringBuilderExcludeTest.test_toStringExcludeArrayWithNulls,4
MutableDoubleTest.testSubtractValueObject,5
StrSubstitutorTest.testReplaceSolo,3
ContextedRuntimeExceptionTest.testContextedExceptionStringThrowable,9
ContextedRuntimeExceptionTest.testContextedExceptionString,6
BooleanUtilsTest.test_toIntegerObject_Boolean_Integer_Integer_Integer,9
SystemUtilsTest.testGetUserHome,5
MultiBackgroundInitializerTest.testAddInitializerNullInit,3
BooleanUtilsTest.testOr_primitive_nullInput,3
DiffBuilderTest.testCharArray,12
FractionTest.testToString,19
BooleanUtilsTest.test_toInteger_boolean,4
ObjectUtilsTest.testHashCode,4
NumericEntityUnescaperTest.testSupplementaryUnescaping,7
StrBuilderTest.testStartsWith,11
FieldUtilsTest.testGetFieldsWithAnnotationIllegalArgumentException2,3
FieldUtilsTest.testGetFieldsWithAnnotationIllegalArgumentException3,3
FieldUtilsTest.testGetFieldsWithAnnotationIllegalArgumentException1,3
EqualsBuilderTest.testObject,12
NumberUtilsTest.testMaximumShort,9
BasicThreadFactoryTest.testNewThreadExHandler,15
DurationFormatUtilsTest.testConstructor,8
ToStringStyleTest.testSetNullText,5
ObjectUtilsTest.testMin,20
JsonToStringStyleTest.testObjectArray,24
DateUtilsTest.testAddHours,15
MultilineRecursiveToStringStyleTest.stringArray,16
RandomUtilsTest.testNextLongMinimalRange,3
MutableByteTest.testAddValuePrimitive,5
MutableFloatTest.testIncrement,6
ValidateTest.testConstructor,8
DateUtilsFragmentTest.testSecondsOfYearWithDate,11
StrSubstitutorTest.testReplaceComplexEscaping,4
StrTokenizerTest.testReset_String,9
RandomStringUtilsTest.testRandomStringUtilsHomog,20
ArrayUtilsRemoveTest.testRemoveElementIntArray,17
ValidateTest.testIsTrue1,9
EqualsBuilderTest.testReflectionHierarchyEquals,23
EqualsBuilderTest.testDouble,9
DiffTest.testGetType,3
BooleanUtilsTest.testOr_object_validInput_2items,22
HashCodeBuilderTest.testByteArray,9
FieldUtilsTest.testReadDeclaredNamedStaticField,18
NumberUtilsTest.testMinByte_nullArray,3
NumberUtilsTest.testMaxByte_nullArray,3
ToStringBuilderTest.testReflectionInteger,3
DateUtilsTest.testTruncate,175
ToStringBuilderTest.testFloatArrayArray,8
StringParameterizedChild.consume,3
StrBuilderTest.testGetSetNewLineText,10
StrTokenizerTest.testBasicIgnoreTrimmed2,12
StrTokenizerTest.testBasicIgnoreTrimmed3,11
MutableIntTest.testSubtractValuePrimitive,6
EqualsBuilderTest.testObjectArrayHiddenByObject,16
StrTokenizerTest.testCSVEmpty,4
DiffBuilderTest.testBooleanArray,12
EqualsBuilderTest.testCharArray,16
StrBuilderAppendInsertTest.testAppend_StrBuilder_int_int,42
StrBuilderAppendInsertTest.testInsert,188
ToStringBuilderTest.toStringWithStatics,3
MutableByteTest.testSubtractValueObject,5
ToStringBuilderTest.after,3
RecursiveToStringStyleTest.tearDown,3
StrBuilderAppendInsertTest.testAppend_StringBuilder_int_int,44
DateUtilsRoundingTest.testRoundHour,12
ClassPathUtilsTest.testToFullyQualifiedPathPackageNull,3
StringUtilsTrimEmptyTest.testStrip_String,8
DateUtilsTest.testCeil,229
StrBuilderAppendInsertTest.testAppendln_StringBuffer,20
CharUtilsTest.testToCharacterObject_String,7
DateUtilsFragmentTest.testMinutesOfYearWithCalendar,6
MutableDoubleTest.testDecrement,6
TimedSemaphoreTest.testAcquireNoLimit,15
HashCodeBuilderTest.testObjectArrayAsObject,9
DateUtilsRoundingTest.testRoundMonth,24
MutableFloatTest.testAddValueObject,5
ToStringStyleTest.testSetFieldNameValueSeparator,5
StrSubstitutorTest.testDefaultValueDelimiters,25
BooleanUtilsTest.test_toBoolean_Integer_Integer_Integer_nullValue,3
DateFormatUtilsTest.testFormat,18
MutableTripleTest.testEquals,9
ObjectUtilsTest.testToString_ObjectString,4
DateUtilsTest.testAddDays,15
StrBuilderTest.testLang412Right,5
MutableLongTest.testIncrement,6
CompareToBuilderTest.testBooleanArrayHiddenByObject,22
EqualsBuilderTest.testReflectionEqualsExcludeFields,13
EqualsBuilderTest.testIntArray,16
ArrayUtilsRemoveMultipleTest.testRemoveAllNullIntArray,3
MutableFloatTest.testConstructorNull,3
CompositeFormatTest.testUsage,8
ArrayUtilsRemoveMultipleTest.testRemoveAllBooleanArray,45
MutableLongTest.testConstructors,7
StrTokenizerTest.testBasicTrimmed1,11
StrTokenizerTest.testBasicTrimmed2,11
ToStringBuilderTest.testReflectionArrayArrayCycle,20
StrBuilderTest.testReverse,7
DateUtilsFragmentTest.testSecondsOfDayWithCalendar,7
StrBuilderAppendInsertTest.testAppend_Object,19
PairTest.testToString,4
EventUtilsTest.testAddEventListenerThrowsException,18
StrSubstitutorTest.testReplaceNoPrefixSuffix,3
NumberUtilsTest.testIsDigits,8
StrBuilderTest.testDeleteFirst_char,14
MutableLongTest.testAddValueObject,6
EqualsBuilderTest.testMixedArray,16
NumberUtilsTest.compareInt,5
MutablePairTest.testToString,6
MutablePairTest.testDefault,5
NumberUtilsTest.testCreateLongFailure,7
BitFieldTest.testClearShort,5
ToStringBuilderTest.testReflectionObjectCycle,9
MultiBackgroundInitializerTest.testInitializeResultsIsSuccessfulFalse,10
StrMatcherTest.testTrimMatcher,13
DateUtilsTest.testLang530,6
EqualsBuilderTest.testFloat,9
StrBuilderTest.isMatch,9
MutableBooleanTest.testEquals,15
ArrayUtilsRemoveMultipleTest.testRemoveAllNullByteArray,3
StrBuilderTest.testDeleteAll_String,21
StrBuilderAppendInsertTest.testAppendln_CharArray,20
StrMatcherTest.testSpaceMatcher,7
DateUtilsRoundingTest.testTruncateAmPm,7
NumberUtilsTest.testCreateNumberMagnitude,16
NumberUtilsTest.testCreateNumberFailure_3,3
NumberUtilsTest.testCreateNumberFailure_2,3
NumberUtilsTest.testCreateNumberFailure_1,3
CharEncodingTest.testSupported,5
DateUtilsTest.testSetMonths,16
NumberUtilsTest.testMinimumFloat,10
RandomUtilsTest.testNextLongNegative,3
ArrayUtilsRemoveMultipleTest.testRemoveElementsObjectArray,40
ObjectUtilsTest.testIdentityToStringStrBuilder,17
StringUtilsIsTest.testIsNumericSpace,18
MutableObjectTest.testEquals,18
BackgroundInitializerTest.testInitialize,5
HashCodeBuilderTest.testConstructorExEvenFirst,3
DateUtilsFragmentTest.testSecondsOfMonthWithDate,9
StrBuilderTest.testAsWriter,23
IEEE754rUtilsTest.testEnforceExceptions,34
MultiBackgroundInitializerTest.setUp,3
StrBuilderTest.testAppendToStringBuilder,6
StrBuilderAppendInsertTest.testAppendln_Boolean,8
BooleanUtilsTest.testOr_object_emptyInput,3
ToStringBuilderTest.testBoolean,5
MutableIntTest.testCompareToNull,4
DiffBuilderTest.testNullRhs,3
MutableShortTest.testToShort,4
DateUtilsTest.assertWeekIterator,10
DiffResultTest.testNullList,3
HashCodeBuilderAndEqualsBuilderTest.testFixtureWithTransients,3
BooleanUtilsTest.test_toInteger_Boolean_int_int_int,5
DateUtilsFragmentTest.testMinutesOfDayWithCalendar,7
BackgroundInitializerTest.testIsStartedTrue,5
FastDateParserSDFTest.testOriginal,3
ObjectUtilsTest.testHashCodeMulti_multiple_nullArray,4
DateUtilsRoundingTest.testTruncateMonth,6
RandomUtilsTest.testExtremeRangeInt,4
StringUtilsSubstringTest.testCountMatches_char,6
ObjectUtilsTest.testCompare,13
UnicodeEscaperTest.testBelow,6
StrSubstitutorTest.testConstructorMapFull,8
StrBuilderAppendInsertTest.testAppendSeparator_String_String,20
DiffBuilderTest.testObjectsNotSameButEqual,10
RandomUtilsTest.testNextInt,4
MutableIntTest.testSubtractValueObject,6
ToStringBuilderTest.testDouble,5
NumberUtilsTest.checkCreateNumber,11
StopWatchTest.testStopWatchSuspend,16
StrBuilderAppendInsertTest.testAppendln_String,20
SimpleToStringStyleTest.testLong,5
DiffBuilderTest.testObjectArrayEqual,8
DateUtilsFragmentTest.testMillisecondsOfHourWithCalendar,4
DiffBuilderTest.testTriviallyEqualTestDisabled,9
StandardToStringStyleTest.testLongArrayArray,8
DefaultToStringStyleTest.testObject,16
RandomUtilsTest.testNextBytesNegative,3
EntityArraysTest.testHTML40_EXTENDED_ESCAPE,9
StrBuilderTest.testAsTokenizer,31
FieldUtilsTest.testRemoveFinalModifier,8
FieldUtilsTest.testGetFieldForceAccessIllegalArgumentException3,3
FieldUtilsTest.testGetFieldForceAccessIllegalArgumentException2,3
FieldUtilsTest.testGetFieldForceAccessIllegalArgumentException1,3
FieldUtilsTest.testGetFieldForceAccessIllegalArgumentException4,3
ArrayUtilsRemoveMultipleTest.testRemoveAllDoubleArrayOutOfBoundsIndex,3
ArrayUtilsRemoveMultipleTest.testRemoveAllLongArrayNegativeIndex,3
ArrayUtilsRemoveMultipleTest.testRemoveAllCharArrayNegativeIndex,3
DateUtilsTest.testLANG799_DE_OK,10
StrTokenizerTest.testConstructor_charArray,10
StrBuilderTest.testIndexOf_String_int,25
ToStringBuilderTest.testReflectionBoolean,7
DateUtilsTest.testLANG799_EN_OK,10
StopWatchTest.testStopWatchSimple,12
ImmutableTripleTest.testHashCode,3
RangeTest.testIsStartedBy,8
ValidateTest.testNotEmptyArray1,18
ValidateTest.testNotEmptyArray2,18
DateUtilsFragmentTest.testMillisecondFragmentInLargerUnitWithCalendar,7
MutableIntTest.testIncrement,6
StringUtilsTrimEmptyTest.testIsEmpty,7
DateFormatUtilsTest.testTimeISO,21
ReflectionToStringBuilderExcludeTest.test_toStringExcludeEmptyCollection,4
MutableObjectTest.testToString,5
EqualsBuilderTest.testMultiIntArray,14
HashCodeBuilderTest.testConstructorExEvenSecond,3
TypeLiteralTest.testTyped,6
DateFormatUtilsTest.testFormatUTC,8
CompareToBuilderTest.testMultiByteArray,21
DateUtilsRoundingTest.testTruncateHour,5
StrBuilderAppendInsertTest.testAppend_StringBuffer,12
BackgroundInitializerTest.testStartMultipleTimes,8
StrSubstitutorTest.testGetSetPrefix,23
CompareToBuilderTest.testObjectEx2,5
EventUtilsTest.testConstructor,8
BooleanUtilsTest.testXor_primitive_validInput_2items,18
BooleanUtilsTest.test_toStringOnOff_Boolean,5
StandardToStringStyleTest.testObject,16
ArrayUtilsRemoveTest.testRemoveElementByteArray,17
CompareToBuilderTest.testCharArray,22
HashCodeBuilderTest.testReflectionHashCodeExcludeFields,12
FractionTest.testReduce,39
ShortPrefixToStringStyleTest.testObjectArray,8
ToStringBuilderTest.testReflectionLongArray,7
RangeTest.testSerializing,3
RangeTest.testToStringFormat,4
Ambig.doIt,2
ObjectUtilsTest.testMedian_nullItems,3
FastDateParserSDFTest.testLowerCase,3
CompareToBuilderTest.testObjectArray,22
ObjectUtilsTest.testHashCodeMulti_multiple_likeList,10
ImmutablePairTest.testSerialization,10
BackgroundInitializerTest.testGetBeforeStart,4
ArrayUtilsRemoveTest.testRemoveObjectArray,27
ShortPrefixToStringStyleTest.testBlank,3
MutableBooleanTest.testConstructorNull,3
BooleanUtilsTest.test_toBoolean_String_String_String_nullValue,3
SystemUtilsTest.testIS_JAVA,80
StrSubstitutorTest.testLANG1055,6
ArrayUtilsRemoveMultipleTest.testRemoveAllBooleanArrayNegativeIndex,3
EqualsBuilderTest.testFloatArray,16
FastDateFormatTest.test_getInstance_String_TimeZone_Locale,23
StringUtilsSubstringTest.testSubstringBetween_StringStringString,11
ArrayUtilsRemoveMultipleTest.testRemoveAllShortArrayNegativeIndex,3
BooleanUtilsTest.test_toBoolean_String,44
ToStringBuilderTest.testByteArrayArray,8
DateUtilsTest.testLANG799_EN_WITH_DE_LOCALE,9
MultiBackgroundInitializerTest.testInitializeChildWithExecutor,17
ObjectUtilsTest.testMode,9
DurationFormatUtilsTest.testFormatDurationPluralWords,37
StrBuilderTest.testReadFromReadableAppendsToEnd,5
BooleanUtilsTest.test_toBooleanObject_Integer,6
CompareToBuilderTest.testShort,11
StrBuilderTest.testReplaceFirst_char_char,13
DateUtilsFragmentTest.testMillisecondFragmentInLargerUnitWithDate,7
HashCodeBuilderTest.testIntArrayAsObject,8
MultiLineToStringStyleTest.testObjectArray,8
NumberUtilsTest.testToLongString,10
DateUtilsRoundingTest.testTruncateDate,5
NoFieldNamesToStringStyleTest.testBlank,3
ArrayUtilsRemoveTest.testRemoveDoubleArray,27
EqualsBuilderTest.testObjectBuild,12
HashCodeBuilderTest.testShort,4
ValidateTest.testMatchesPattern,14
CharUtilsTest.testToChar_Character,7
NumberUtilsTest.testMinLong_emptyArray,3
ToStringBuilderTest.testInheritedReflectionStatics,15
MutableShortTest.testToString,5
DateUtilsFragmentTest.testSecondsofMinuteWithDate,4
ArrayUtilsRemoveMultipleTest.testRemoveAllByteArray,39
MutableByteTest.testSubtractValuePrimitive,5
MutableByteTest.testEquals,15
StrBuilderAppendInsertTest.testAppendln_StringBuilder,20
CharEncodingTest.testWorksOnJava1_1_8,9
SystemUtilsTest.testGetUserDir,5
MultiBackgroundInitializerTest.testAddInitializerAfterStart,10
StrSubstitutorTest.testConstructorNoArgs,4
StrBuilderTest.testLastIndexOf_char,8
RandomStringUtilsTest.testLANG805,4
MutableTripleTest.testHashCode,3
DefaultToStringStyleTest.testLong,5
StrBuilderAppendInsertTest.testAppendFixedWidthPadLeft,28
DurationFormatUtilsTest.testFormatPeriodISOStartGreaterEnd,3
HashCodeBuilderTest.testFloatArrayAsObject,10
MutableDoubleTest.testHashCode,9
ValidateTest.testValidIndex_withMessage_charSequence,20
CompareToBuilderTest.testChar,11
DateUtilsFragmentTest.testHoursOfDayWithDate,7
ObjectUtilsTest.testFirstNonNull,11
DateUtilsRoundingTest.testRoundYear,7
FieldUtilsTest.testReadStaticField,3
StrBuilderTest.testLastIndexOf_StrMatcher_int,34
DefaultToStringStyleTest.setUp,3
BooleanUtilsTest.testOr_primitive_validInput_3items,26
ConstantInitializerTest.testEqualsTrue,9
ClassPathUtilsTest.testToFullyQualifiedNamePackageNull,3
CharUtilsTest.testToString_char,21
FractionTest.testGets,18
ArrayUtilsRemoveTest.testRemoveElementBooleanArray,17
ToStringBuilderTest.testByteArray,8
HashCodeBuilderTest.testDoubleArray,13
StrTokenizerTest.testConstructor_String_char_char,12
DateUtilsFragmentTest.testDaysOfYearWithDate,6
InheritanceUtilsTest.testDistanceGreaterThanZero,6
EqualsBuilderTest.testDoubleArrayHiddenByObject,16
CompareToBuilderTest.testInt,11
StrBuilderAppendInsertTest.testAppendNewLine,8
StrBuilderTest.testIsEmpty,8
BasicThreadFactoryTest.testNewThreadDaemonTrue,3
NumberUtilsTest.testMaxLong,16
EqualsBuilderTest.testBooleanArrayHiddenByObject,16
MutableShortTest.testAddValueObject,5
MutableShortTest.testIncrement,6
ReflectionToStringBuilderExcludeTest.test_toStringExcludeEmptyArray,4
ValidateTest.testInclusiveBetween,10
ToStringStyleTest.testSetSummaryObjectStartText,5
StrLookupTest.testMapLookup,10
MutableFloatTest.testToString,5
NumberUtilsTest.testMinShort_nullArray,3
ArrayUtilsRemoveMultipleTest.testRemoveAllObjectArrayNegativeIndex,3
EqualsBuilderTest.testRaggedArray,16
HashCodeBuilderTest.testFloatArray,11
DiffBuilderTest.testNullLhs,3
StringUtilsIsTest.testIsAsciiPrintable_String,24
TypeLiteralTest.testRaw,3
StrTokenizerTest.testConstructor_String,10
ToStringBuilderTest.validateNullToStringStyleRegistry,4
MutableFloatTest.testSubtractValuePrimitive,5
BasicThreadFactoryTest.testBuilderResetAfterBuild,5
HashCodeBuilderTest.testReflectionHashCode,4
StrTokenizerTest.testConstructor_String_char,11
TimedSemaphoreTest.prepareStartTimer,6
StrSubstitutorTest.testReplaceEscaping,3
ToStringBuilderTest.testSelfInstanceTwoVarsReflectionObjectCycle,4
ValidateTest.testExclusiveBetweenDouble,16
ToStringBuilderTest.testIntArray,8
ObjectUtilsTest.testCloneOfCloneable,5
TimedSemaphoreTest.testGetAvailablePermits,18
MutableBooleanTest.testCompareTo,8
TripleTest.testToStringCustom,6
DateUtilsRoundingTest.testRoundAmPm,16
DateUtilsRoundingTest.testTruncateSemiMonth,28
NumberUtilsTest.testCreateInteger,8
CompareToBuilderTest.reflectionCompareSignum,3
CompositeFormatTest.testCompositeFormat,29
FieldUtilsTest.testReadNamedStaticFieldForceAccess,36
EqualsBuilderTest.testMultiShortArray,14
ToStringStyleTest.testSetArraySeparator,5
BooleanUtilsTest.test_toBooleanObject_String_String_String_String_noMatch,3
MutableShortTest.testCompareTo,10
BooleanUtilsTest.test_isNotFalse_Boolean,5
DiffBuilderTest.testObjectArray,10
EqualsBuilderTest.testMultiLongArray,14
ArrayUtilsRemoveMultipleTest.testRemoveAllByteArrayOutOfBoundsIndex,3
MutableDoubleTest.testToDouble,4
StrBuilderTest.testIndexOf_StrMatcher_int,33
StringUtilsTrimEmptyTest.testTrimToEmpty,11
ObjectUtilsTest.testNull,5
NoFieldNamesToStringStyleTest.testLongArray,8
ArrayUtilsRemoveTest.testRemoveElementShortArray,17
ContextedExceptionTest.testRawMessage,7
StrSubstitutorTest.testStaticReplaceSystemProperties,11
NumberUtilsTest.testIsNumber,50
CompareToBuilderTest.testDoubleArrayHiddenByObject,22
StrTokenizerTest.testBasicQuoted1,8
StrTokenizerTest.testBasicQuoted3,9
StrTokenizerTest.testBasicQuoted2,10
StrTokenizerTest.testBasicQuoted5,11
StrTokenizerTest.testBasicQuoted4,11
EventUtilsTest.testAddEventListenerWithPrivateAddMethod,15
StrTokenizerTest.testBasicQuoted6,8
StringUtilsIsTest.testIsWhitespace,14
StrBuilderTest.testContains_StrMatcher,12
CharEncodingTest.testMustBeSupportedJava1_3_1,12
ReflectionToStringBuilderExcludeTest.validateNonSecretField,4
ImmutableTripleTest.testBasic,16
DefaultToStringStyleTest.testLongArrayArray,8
CompareToBuilderTest.testObject,12
JsonToStringStyleTest.tearDown,3
ValidateTest.testIsInstanceOf,4
StrBuilderAppendInsertTest.testAppendln_String_int_int,20
ToStringBuilderTest.testConstructorEx2,4
ToStringBuilderTest.testConstructorEx3,5
ShortPrefixToStringStyleTest.testLongArrayArray,8
ToStringBuilderTest.testConstructorEx1,3
MutableShortTest.testSubtractValueObject,5
CharSetUtilsTest.testCount_StringString,11
StringUtilsSubstringTest.testSubstring_StringInt,18
MultilineRecursiveToStringStyleTest.nestedElements,13
MutableFloatTest.testAddValuePrimitive,5
CharSetUtilsTest.testSqueeze_StringStringarray,18
StrBuilderTest.testReplace_int_int_String,31
NumberUtilsTest.testMinimumShort,9
CompareToBuilderTest.testReflectionCompare,9
DateUtilsFragmentTest.testMinutesOfYearWithWrongOffsetBugWithCalendar,11
NumberUtilsTest.testMinimumInt,7
MutableLongTest.testToString,5
MutableTripleTest.testToString,9
StrSubstitutorTest.testReplaceWeirdPattens,19
FieldUtilsTest.testWriteNamedStaticField,39
CharSetTest.testStatics,18
CharUtilsTest.testToString_Character,5
MultiBackgroundInitializerTest.testInitializeExternalExec,12
RecursiveToStringStyleTest.setUp,3
BackgroundInitializerTest.testGetCheckedException,12
BooleanUtilsTest.test_toString_Boolean_String_String_String,5
FormattableUtilsTest.testDefaultAppend,12
DateFormatUtilsTest.testFormatCalendar,18
RangeTest.testIsAfterRange,10
MutableBooleanTest.testHashCode,10
MultiBackgroundInitializerTest.testInitializeResultsIsSuccessfulTrue,9
ToStringBuilderTest.testObject,16
ToStringBuilderTest.testReflectionIntArray,7
NumberUtilsTest.testMaximumInt,7
BackgroundInitializerTest.testGetActiveExecutorBeforeStart,4
StrBuilderTest.testIndexOf_char_int,15
FieldUtilsTest.testWriteNamedField,44
ShortPrefixToStringStyleTest.testLongArray,8
StringUtilsSubstringTest.testRight_String,12
BitFieldTest.testClear,5
FieldUtilsTest.testWriteNamedFieldForceAccess,26
ArrayUtilsRemoveTest.testRemoveElementFloatArray,17
BooleanUtilsTest.test_toBoolean_int_int_int_noMatch,3
RangeTest.testIsBeforeRange,10
StopWatchTest.testLang315,11
NumericEntityEscaperTest.testSupplementary,7
DateUtilsFragmentTest.testMillisecondsOfSecondWithDate,4
BooleanUtilsTest.test_toStringOnOff_boolean,4
SystemUtilsTest.testGetJavaIoTmpDir,5
StrMatcherTest.testQuoteMatcher,7
TripleTest.testToString,4
MutableIntTest.testConstructorNull,3
NoClassNameToStringStyleTest.testLong,5
WordUtilsTest.testCapitalizeWithDelimiters_String,15
ToStringBuilderTest.testReflectionLongArrayArray,7
FractionTest.testFactory_String_double,27
MutableDoubleTest.testCompareToNull,4
DateUtilsTest.testAddMinutes,15
ToStringBuilderTest.testCharArray,8
StrSubstitutorTest.testReplaceInVariableDisabled,14
DateUtilsTest.testConstructor,8
MutableByteTest.testGetSet,14
ConstantInitializerTest.testToString,7
RandomUtilsTest.testZeroLengthNextBytes,3
CharSetTest.testClass,4
MultiBackgroundInitializerTest.testInitializeNested,26
DateUtilsRoundingTest.testTruncateSecond,5
NumberUtilsTest.testCreateNumber,40
BasicThreadFactoryTest.checkDaemonFlag,12
MutableLongTest.testAddValuePrimitive,6
DiffBuilderTest.testByteArray,12
DateUtilsTest.testAddSeconds,15
DateUtilsTest.testSetSeconds,16
StrBuilderTest.testCapacity,6
BooleanUtilsTest.test_isNotTrue_Boolean,5
NumberUtilsTest.testToShortStringI,4
CharSetUtilsTest.testContainsAny_StringStringarray,19
StrMatcherTest.testCharMatcher_char,9
RangeTest.testIntersectionWith,8
StrTokenizerTest.testToString,6
BasicThreadFactoryTest.testNewThreadNoDaemonFlag,17
BooleanUtilsTest.test_toInteger_boolean_int_int,4
ArrayUtilsRemoveMultipleTest.testRemoveAllCharArrayRemoveNone,7
CharUtilsTest.testToChar_String_char,6
StrBuilderAppendInsertTest.testAppend_CharArray_int_int,42
MutableDoubleTest.testPrimitiveValues,9
DurationFormatUtilsTest.testLANG815,8
DateUtilsTest.testParseDateWithLeniency,11
NumberUtilsTest.testMinByte_emptyArray,3
DurationFormatUtilsTest.testFormatNegativeDurationWords,3
MultiLineToStringStyleTest.testBlank,3
StringUtilsTrimEmptyTest.testStripAll,14
ClassPathUtilsTest.testToFullyQualifiedPathClass,5
MutableDoubleTest.testEquals,15
ArrayUtilsRemoveTest.testRemoveElementDoubleArray,17
LazyInitializerTest.setUp,3
StrTokenizerTest.test5,16
DiffBuilderTest.testLong,10
FieldUtilsTest.testWriteStaticFieldForceAccess,38
AtomicSafeInitializerTest.testNumberOfInitializeInvocations,6
DateUtilsFragmentTest.testMinuteFragmentInLargerUnitWithCalendar,5
StringUtilsStartsEndsWithTest.testStartsWithIgnoreCase,16
DiffBuilderTest.testObjectsSameAndEqual,11
BooleanUtilsTest.testAnd_primitive_validInput_2items,14
BooleanUtilsTest.test_toBooleanObject_Integer_Integer_Integer_Integer,11
DateUtilsRoundingTest.testTruncateHourOfDay,5
StrBuilderAppendInsertTest.testAppend_FormattedString,17
BasicThreadFactoryTest.testBuildWrappedFactoryNull,3
ArrayUtilsRemoveMultipleTest.testRemoveAllIntArray,43
MutableIntTest.testToString,5
StrBuilderTest.testSubstringIntInt,16
ToStringBuilderTest.testShortArray,8
CompareToBuilderTest.testMultiShortArray,21
ToStringBuilderTest.testReflectionStatics,15
ToStringBuilderTest.testBooleanArrayArray,8
CompareToBuilderTest.testMultiCharArray,21
CharUtilsTest.testToChar_String,10
HashCodeBuilderTest.testByte,4
CompareToBuilderTest.testAppendSuper,11
CompareToBuilderTest.testByteArrayHiddenByObject,22
ValidateTest.testValidIndex_collection,22
HashCodeBuilderTest.testLong,5
DurationFormatUtilsTest.testFormatDurationWords,57
StringUtilsSubstringTest.testLeft_String,12
CharUtilsTest.testToUnicodeEscaped_char,11
StringUtilsIsTest.testIsAlphaspace,13
ToStringBuilderTest.test_setUpToClass_invalid,9
StrBuilderAppendInsertTest.testAppendFixedWidthPadRight,28
CharSetTest.testSerialization,8
DateUtilsFragmentTest.testMillisecondsOfMonthWithCalendar,6
CallableBackgroundInitializerTest.testInitExecutor,6
MutableIntTest.testPrimitiveValues,8
TimedSemaphoreTest.testInitDefaultService,11
EqualsBuilderTest.testByteArray,16
BooleanUtilsTest.test_toStringTrueFalse_boolean,4
NumberUtilsTest.testCreateFloat,8
StrBuilderTest.testDeleteCharAt,9
CharUtilsTest.testCompare,5
InheritanceUtilsTest.testDistanceReverseParentChild,3
TripleTest.testFormattable_simple,4
BooleanUtilsTest.test_toBooleanObject_int_int_int_noMatch,3
ShortPrefixToStringStyleTest.testPerson,8
ToStringStyleTest.testSetArrayStart,5
StrTokenizerTest.testCSV,4
ToStringBuilderTest.testChar,5
MutableByteTest.testPrimitiveValues,9
BasicThreadFactoryTest.testBuildUncaughtExceptionHandlerNull,3
StrBuilderAppendInsertTest.testAppendWithSeparatorsWithNullText,9
NumberUtilsTest.testMaxShort_emptyArray,3
ImmutableTripleTest.testSerialization,10
StrTokenizerTest.testTSVEmpty,4
FastDateFormatTest.test_getInstance_String_TimeZone,24
StrBuilderAppendInsertTest.testAppend_Boolean,9
RandomStringUtilsTest.testLANG807,10
StrBuilderAppendInsertTest.testAppendWithSeparators_Iterator,17
SimpleToStringStyleTest.testLongArray,8
RandomUtilsTest.testExtremeRangeFloat,4
ObjectUtilsTest.testComparatorMedian_emptyItems,3
StringUtilsIsTest.testIsAlphanumeric,13
DiffBuilderTest.testInt,10
CharSequenceUtilsTest.testConstructor,8
EventUtilsTest.testAddEventListener,11
RecursiveToStringStyleTest.testBlank,3
DurationFormatUtilsTest.testEdgeDurations,65
NoClassNameToStringStyleTest.testObject,16
ReflectionToStringBuilderExcludeTest.test_toStringExcludeNullArray,4
NoClassNameToStringStyleTest.testAppendSuper,7
TimedSemaphoreTest.testStartTimer,16
DefaultToStringStyleTest.testBlank,3
HashCodeBuilderTest.testSuper,5
MutableIntTest.testAddValueObject,6
EqualsBuilderTest.testShort,6
ArrayUtilsRemoveMultipleTest.testRemoveAllNumberArray,23
StrBuilderAppendInsertTest.testAppend_PrimitiveNumber,11
StringUtilsSubstringTest.testSubstringAfter_StringString,16
BooleanUtilsTest.testAnd_primitive_nullInput,3
StrBuilderTest.testHashCode,12
BooleanUtilsTest.test_toBoolean_Integer_Integer_Integer_noMatch,3
DateUtilsRoundingTest.testRoundDayOfMonth,12
ConstructorUtilsTest.setUp,3
TimedSemaphoreTest.testAcquireMultiplePeriods,12
StrSubstitutorTest.testReplaceEmpty,3
HashCodeBuilderTest.testLongArray,11
DateUtilsTest.testSetDays,16
FractionTest.testFactory_int_int,50
ArrayUtilsRemoveMultipleTest.testRemoveAllNullObjectArray,3
NumberUtilsTest.testCreateLong,8
UnicodeUnpairedSurrogateRemoverTest.testInvalidCharacters,5
StrSubstitutorTest.tearDown,3
NumberUtilsTest.testMinInt,12
InheritanceUtilsTest.testConstructor,3
DateFormatUtilsTest.testDateISO,21
CharUtilsTest.testToCharacterObject_char,19
ObjectUtilsTest.testPossibleCloneOfNotCloneable,4
ValidateTest.testValidIndex_withMessage_array,20
DiffBuilderTest.testSameObjectIgnoresAppends,7
InheritanceUtilsTest.testDistanceNullParentNullChild,3
ObjectUtilsTest.testIsNull,6
HashCodeBuilderTest.testBooleanArray,9
RandomUtilsTest.testNextIntNegative,3
ArrayUtilsRemoveMultipleTest.testRemoveAllNullLongArray,3
EqualsBuilderTest.testFloatArrayHiddenByObject,16
CompareToBuilderTest.testShortArray,22
BackgroundInitializerTest.testInitializeTempExecutor,7
MultiBackgroundInitializerTest.testInitializeEx,12
StrSubstitutorTest.testReplaceAdjacentAtEnd,6
ToStringBuilderTest.testIntArrayArray,8
TripleTest.testComparable4,8
TripleTest.testComparable1,8
TripleTest.testComparable2,8
TripleTest.testComparable3,8
RandomStringUtilsTest.testRandomStringUtils,67
ArrayUtilsRemoveMultipleTest.testRemoveAllNullBooleanArray,3
NoClassNameToStringStyleTest.tearDown,3
CompareToBuilderTest.testIntArrayHiddenByObject,22
BooleanUtilsTest.testAnd_primitive_validInput_3items,26
ToStringBuilderTest.toBaseString,3
ToStringBuilderTest.testAppendSuper,7
ObjectUtilsTest.testIdentityToStringAppendable,23
HashCodeBuilderTest.testCharArray,9
MutableFloatTest.testEquals,15
EqualsBuilderTest.testShortArray,16
StrTokenizerTest.testCloneReset,12
StrMatcherTest.testMatcherIndices,6
CompareToBuilderTest.testMultiLongArray,21
ObjectUtilsTest.testIdentityToStringStringBuffer,17
BooleanUtilsTest.test_toBooleanObject_int_int_int,5
RandomStringUtilsTest.testConstructor,8
DefaultToStringStyleTest.testPerson,8
StrBuilderTest.testMinimizeCapacity,8
ReflectionToStringBuilderExcludeTest.validateSecretFieldAbsent,4
ValidateTest.testIsAssignable,4
CharUtilsTest.testIsAsciiNumeric_char,15
ToStringBuilderTest.testSetDefaultEx,3
StrBuilderTest.testAppendToStringBuffer,6
NumberUtilsTest.testMaxFloat,19
DateUtilsRoundingTest.setUp,15
NumberUtilsTest.testToLongStringL,4
CompareToBuilderTest.assertReflectionCompareContract,11
DurationFormatUtilsTest.testFormatPeriodeStartGreaterEnd,3
DateUtilsFragmentTest.testMillisecondsOfMonthWithDate,6
ContextedRuntimeExceptionTest.testRawMessage,7
CompareToBuilderTest.testIntArray,22
JsonToStringStyleTest.testLongArray,24
EqualsBuilderTest.testDoubleArray,16
ValidateTest.testNotBlankReturnValues2,5
StrBuilderTest.testLastIndexOf_char_int,13
StrBuilderTest.testReplaceAll_char_char,13
StrBuilderTest.testReplace_StrMatcher_String_int_int_int_VaryReplace,17
FieldUtilsTest.testWriteDeclaredNamedField,50
JsonToStringStyleTest.testBlank,3
DiffBuilderTest.testShortArray,12
StringUtilsStartsEndsWithTest.testStartsWith,16
DiffBuilderTest.testFloat,10
CallableBackgroundInitializerTest.testInitExecutorNullCallable,4
NumberUtilsTest.testCreateIntegerFailure,7
BitFieldTest.testByte,23
ValidateTest.testInclusiveBetweenDouble,11
EqualsBuilderTest.testMultiCharArray,14
ValidateTest.testExclusiveBetween,16
ToStringBuilderTest.testReflectionArrayAndObjectCycle,20
NumberUtilsTest.testMaxByte,16
TimedSemaphoreTest.testAcquireLimit,24
CompareToBuilderTest.testFloatArrayHiddenByObject,22
StrBuilderTest.testSize,6
StrBuilderTest.testConstructors,34
MutableByteTest.testHashCode,9
HashCodeBuilderTest.testReflectionHierarchyHashCodeEx2,3
ArrayUtilsRemoveMultipleTest.testRemoveAllDoubleArrayRemoveNone,7
StrMatcherTest.testTabMatcher,7
StopWatchTest.testBadStates,60
DateUtilsFragmentTest.testHoursOfYearWithDate,8
NumberUtilsTest.testMaxFloat_emptyArray,3
StringUtilsSubstringTest.testSubstringBetween_StringString,12
MultiBackgroundInitializerTest.testInitializeTempExec,5
StrBuilderAppendInsertTest.testAppend_String,12
BasicThreadFactoryTest.testBuilderReset,15
WordUtilsTest.testCapitalizeFullyWithDelimiters_String,15
FieldUtilsTest.testGetDeclaredField,17
ConstructorUtilsTest.testInvokeConstructor,21
MutableFloatTest.testHashCode,9
ReflectionToStringBuilderExcludeTest.validateSecretFieldPresent,4
HashCodeBuilderTest.testShortArrayAsObject,8
NumberUtilsTest.testToByteString,6
ToStringBuilderTest.testSelfInstanceVarReflectionObjectCycle,4
RandomUtilsTest.testExtremeRangeLong,4
EqualsBuilderTest.testCharArrayHiddenByObject,16
StrBuilderTest.testToStringBuilder,6
StrTokenizerTest.testCloneNull,10
EqualsBuilderTest.testUnrelatedClasses,16
DateUtilsTest.testAddWeeks,15
BooleanUtilsTest.testXor_object_nullElementInput,3
FieldUtilsTest.testAmbig,3
ToStringBuilderTest.testReflectionBooleanArrayArray,8
BooleanUtilsTest.test_toBoolean_String_String_String_noMatch,3
DateUtilsRoundingTest.testTruncateMilliSecond,4
BooleanUtilsTest.testCompare,6
EventUtilsTest.testBindEventsToMethod,9
RandomStringUtilsTest.testExceptions,39
ValidateTest.testExclusiveBetween_withMessage,16
StrBuilderTest.testToString,4
ToStringBuilderTest.testReflectionBooleanArray,7
WordUtilsTest.testSwapCase_String,14
StrBuilderTest.testReplace_StrMatcher_String_int_int_int_VaryCount,23
BitFieldTest.testGetValue,8
TimedSemaphoreTest.testInitInvalidPeriod,3
NumberUtilsTest.testToByteStringI,4
NoClassNameToStringStyleTest.testLongArrayArray,8
StrTokenizerTest.testTokenizeSubclassOutputChange,13
MutableIntTest.testEquals,7
FractionTest.testReducedFactory_int_int,61
StrMatcherTest.testCharSetMatcher_String,12
DateUtilsFragmentTest.testMinutesOfMonthWithCalendar,6
BasicThreadFactoryTest.testNewThreadNoExHandler,15
EqualsBuilderTest.testObjectArray,25
NumberUtilsTest.testMinimumDouble,10
NumericEntityUnescaperTest.testUnfinishedEntity,19
NumberUtilsTest.testCreateDouble,8
ToStringBuilderTest.testReflectionCharArrayArray,7
MutableShortTest.testDecrement,6
NoClassNameToStringStyleTest.setUp,3
DiffBuilderTest.testLongArray,12
DateUtilsRoundingTest.testRoundMinute,12
StrBuilderAppendInsertTest.testAppendln_CharArray_int_int,20
MutableDoubleTest.testAddValueObject,5
FormattableUtilsTest.testIllegalEllipsis,3
DiffResultTest.testToStringSpecifyStyleOutput,14
StrBuilderAppendInsertTest.testAppendln_Object,9
CharUtilsTest.testToIntValue_Character,10
ToStringBuilderTest.testInnerClassReflection,4
StringUtilsTrimEmptyTest.testTrimToNull,11
StrSubstitutorTest.doTestNoReplace,23
ArrayUtilsRemoveMultipleTest.testRemoveAllFloatArrayNegativeIndex,3
BooleanUtilsTest.test_isFalse_Boolean,5
ImmutableTripleTest.testTripleOf,16
TripleTest.testCompatibilityBetweenTriples,9
StrMatcherTest.testDoubleQuoteMatcher,6
MutableByteTest.testCompareTo,6
StrBuilderAppendInsertTest.testAppendSeparator_String_int,11
CompareToBuilderTest.testLongArrayHiddenByObject,22
DurationFormatUtilsTest.testLANG981,3
FractionTest.testPow,88
ArrayUtilsRemoveTest.testRemoveFloatArray,27
StandardToStringStyleTest.testObjectArray,8
RandomUtilsTest.testNextIntMinimalRange,3
MutableBooleanTest.testConstructors,7
FieldUtilsTest.testReadStaticFieldIllegalArgumentException1,3
FieldUtilsTest.testReadStaticFieldIllegalArgumentException2,6
ConstructorUtilsTest.testNullArgument,4
HashCodeBuilderTest.testByteArrayAsObject,8
FieldUtilsTest.testWriteFieldForceAccess,14
StringUtilsIsTest.testIsAlpha,13
BooleanUtilsTest.test_toBoolean_Boolean,5
DateUtilsTest.testMonthIterator,18
DateUtilsFragmentTest.testDayOfYearFragmentInLargerUnitWithCalendar,3
RangeTest.testToString,6
DateUtilsFragmentTest.testMillisecondsOfDayWithCalendar,7
DateUtilsRoundingTest.testRoundSemiMonth,40
ArrayUtilsRemoveTest.testRemoveBooleanArray,27
BasicThreadFactoryTest.testNewThreadNoNamingPattern,12
CharUtilsTest.testToIntValue_char_int,5
StaticContainer.getMutablePackage,3
CompareToBuilderTest.testReflectionHierarchyCompareExcludeFields,15
ConstructorUtilsTest.testGetAccessibleConstructorFromDescription,6
StrBuilderTest.testDeleteFirst_String,21
BooleanUtilsTest.testConstructor,8
ArrayUtilsRemoveMultipleTest.testRemoveElementDoubleArray,40
MultilineRecursiveToStringStyleTest.doubleArray,16
DateUtilsTest.testRoundLang346,50
DateUtilsFragmentTest.testSecondFragmentInLargerUnitWithCalendar,6
StrBuilderAppendInsertTest.testAppendSeparator_char,9
HashCodeBuilderTest.testObjectArray,10
DiffBuilderTest.testBoolean,11
ConstantInitializerTest.setUp,3
FractionTest.testAdd,96
DurationFormatUtilsTest.testDurationsByBruteForce,8
FormattableUtilsTest.testAlternatePadCharacter,13
ToStringBuilderTest.testShort,5
ObjectUtilsTest.testMedian,15
CompareToBuilderTest.assertXYZCompareOrder,11
MutableDoubleTest.testSetNull,4
StrTokenizerTest.testListArray,8
DateFormatUtilsTest.testDateTimeISO,28
ToStringBuilderTest.testBlank,3
StopWatchTest.testStopWatchSplit,19
CallableBackgroundInitializerTest.testInitNullCallable,3
FastDateFormatTest.testCheckDefaults,9
BitFieldTest.testSet,5
ValidateTest.testNotBlankMsgNullStringShouldThrow,9
ArrayUtilsRemoveMultipleTest.testRemoveAllFloatArray,39
ClassPathUtilsTest.testToFullyQualifiedNameNullClassString,3
MultilineRecursiveToStringStyleTest.boolArray,17
DateFormatUtilsTest.testSMTP,19
StrBuilderTest.testDeleteAll_StrMatcher,13
DateUtilsFragmentTest.testDaysOfYearWithCalendar,4
BasicThreadFactoryTest.testNewThreadPriority,13
ToStringBuilderTest.testObjectArray,8
NumberUtilsTest.testMaxByte_emptyArray,3
PairTest.testComparable2,8
RandomStringUtilsTest.testLang100,15
DateUtilsRoundingTest.testTruncateMinute,5
ObjectUtilsTest.testMax,20
CompareToBuilderTest.testShortArrayHiddenByObject,22
ConstantInitializerTest.testGetObject,3
ValidateTest.testNotBlankMsgNotBlankStringWithWhitespacesShouldNotThrow,4
DateUtilsTest.setUp,49
StrMatcherTest.testCharSetMatcher_charArray,12
WordUtilsTest.testUncapitalize_String,11
StrBuilderTest.testReadFromReaderAppendsToEnd,5
AtomicInitializerTest.createInitializer,8
MutableDoubleTest.testCompareTo,6
StrMatcherTest.testCommaMatcher,7
SimpleToStringStyleTest.testBlank,3
CompareToBuilderTest.testReflectionHierarchyCompareTransients,14
ToStringBuilderTest.testReflectionArrayCycleLevel2,12
BitFieldTest.testSetShortBoolean,8
ToStringBuilderTest.testAppendToStringUsingMultiLineStyle,6
FastDateFormatTest.test_getInstance_String,10
HashCodeBuilderTest.testObject,6
MultilineRecursiveToStringStyleTest.charArray,16
StrBuilderTest.testDeleteAll_char,14
NumberUtilsTest.testLang381,16
RangeTest.testIsWithCompare,16
ArrayUtilsRemoveTest.testRemoveIntArray,27
EqualsBuilderTest.testReflectionArrays,16
HashCodeBuilderTest.testDouble,6
FieldUtilsTest.testGetDeclaredFieldAccessIllegalArgumentException1,3
FieldUtilsTest.testGetDeclaredFieldAccessIllegalArgumentException3,3
FieldUtilsTest.testGetDeclaredFieldAccessIllegalArgumentException2,3
FieldUtilsTest.testGetDeclaredFieldAccessIllegalArgumentException4,3
HashCodeBuilderAndEqualsBuilderTest.testInteger,4
NumberUtilsTest.testMaxDouble_nullArray,3
ShortPrefixToStringStyleTest.testLong,5
DiffResultTest.testListIsNonModifiable,9
ArrayUtilsRemoveMultipleTest.testRemoveAllBooleanArrayOutOfBoundsIndex,3
StrBuilderTest.testLastIndexOf_StrMatcher,14
HashCodeBuilderTest.testConstructorExZero,3
ClassPathUtilsTest.testToFullyQualifiedPathClassNull,3
ClassPathUtilsTest.testToFullyQualifiedPathPackageNullString,3
StringUtilsSubstringTest.testSubstringAfterLast_StringString,17
MutableByteTest.testConstructors,7
RandomUtilsTest.testNextFloat,4
DiffTest.testCannotModify,3
FractionTest.testFactory_int_int_int,77
MultilineRecursiveToStringStyleTest.getClassPrefix,3
CompareToBuilderTest.testRaggedArray,24
ValidateTest.testInclusiveBetweenLong,11
MultilineRecursiveToStringStyleTest.simpleObject,8
ValidateTest.testNotNull1,12
DiffBuilderTest.testChar,10
EqualsBuilderTest.testMultiBooleanArray,19
HashCodeBuilderTest.testChar,4
CharSequenceUtilsTest.testSubSequence,20
FractionTest.testFactory_String,3
SimpleToStringStyleTest.testObjectArray,8
ValidateTest.testNotBlankMsgEmptyStringShouldThrow,9
DateUtilsTest.testLANG799_DE_FAIL,9
StrBuilderTest.testMidString,9
StrTokenizerTest.testCloneNotSupportedException,9
NumberUtilsTest.testMaxDouble,28
CompareToBuilderTest.testReflectionHierarchyCompare,10
NumberUtilsTest.testMaximumByte,9
MutableShortTest.testConstructors,11
CharSetUtilsTest.testSqueeze_StringString,13
CharUtilsTest.testIsAsciiPrintable_char,15
StringUtilsStartsEndsWithTest.testStartsWithAny,11
DiffResultTest.testNullStyle,5
BooleanUtilsTest.test_toBooleanObject_String_String_String_String,8
BitFieldTest.testSetBoolean,8
StrBuilderTest.testEquals,19
TypeLiteralTest.testBasic,5
ValidateTest.testNoNullElementsArray1,20
FractionTest.testHashCode,9
IEEE754rUtilsTest.testConstructorExists,3
MutableIntTest.testSetNull,4
RangeTest.testElementCompareTo,12
DateUtilsFragmentTest.testSecondsofHourWithCalendar,8
StrMatcherTest.testSplitMatcher,13
MutableFloatTest.testNanInfinite,8
DateUtilsTest.testToCalendar,8
FractionTest.testInvert,29
ReflectionToStringBuilderExcludeTest.test_toStringExcludeCollectionWithNulls,7
DiffResultTest.testIterator,12
NotImplementedExceptionTest.assertCorrect,6
StrBuilderTest.testReplace_StrMatcher_String_int_int_int_VaryMatcher,15
CharEncodingTest.testNotSupported,8
DurationFormatUtilsTest.testFormatNegativeDurationHMS,3
OctalUnescaperTest.testBetween,39
MutablePairTest.testMutate,7
TimedSemaphoreTest.testShutdownSharedExecutorNoTask,10
ConstantInitializerTest.testGet,3
CharSetTest.testConstructor_String_oddNegate,49
MutableBooleanTest.testSetNull,4
NoClassNameToStringStyleTest.testLongArray,8
NumberUtilsTest.testCreateBigIntegerFailure,7
DateUtilsFragmentTest.testMillisecondsOfYearWithCalendar,6
MutableIntTest.testDecrement,6
SimpleToStringStyleTest.tearDown,3
HashCodeBuilderTest.testCharArrayAsObject,8
StaticContainer.reset,6
CharSetTest.testConstructor_String_comboNegated,34
ObjectUtilsTest.testIdentityToStringStringBuilder,22
StringUtilsSubstringTest.testSubstringBeforeLast_StringString,20
FractionTest.testConstants,26
DateUtilsFragmentTest.testHoursOfMonthWithCalendar,6
FieldUtilsTest.testGetDeclaredFieldForceAccessIllegalArgumentException4,3
FieldUtilsTest.testGetDeclaredFieldForceAccessIllegalArgumentException1,3
FieldUtilsTest.testGetDeclaredFieldForceAccessIllegalArgumentException3,3
FieldUtilsTest.testGetDeclaredFieldForceAccessIllegalArgumentException2,3
FieldUtilsTest.testReadDeclaredNamedStaticFieldForceAccess,14
MutableDoubleTest.testAddValuePrimitive,5
FractionTest.testToProperString,24
ValidateTest.testNotBlankNotBlankStringShouldNotThrow,4
StrSubstitutorTest.testReplaceNull,3
StrTokenizerTest.testChaining,16
LookupTranslatorTest.testLang882,7
HashCodeBuilderAndEqualsBuilderTest.testIntegerWithTransients,3
StrBuilderTest.testCharAt,27
StrSubstitutorTest.testResolveVariable,17
BasicThreadFactoryTest.testBuildNamingPatternNull,3
CompareToBuilderTest.testBoolean,8
BitFieldTest.testGetRawValue,8
ReflectionToStringBuilderExcludeTest.test_toStringExcludeArrayWithNull,4
StrSubstitutorTest.testStaticReplace,5
BasicThreadFactoryTest.setUp,3
MutableFloatTest.testPrimitiveValues,9
NoClassNameToStringStyleTest.testObjectArray,8
ToStringBuilderTest.test_setUpToClass_valid,6
CharSetUtilsTest.testConstructor,8
ToStringBuilderTest.testReflectionCharArray,7
BooleanUtilsTest.test_toStringYesNo_boolean,4
StrSubstitutorTest.testReplaceNoVariables,3
NumericEntityEscaperTest.testAbove,6
MutableShortTest.testHashCode,9
RecursiveToStringStyleTest.testObject,16
CompareToBuilderTest.testLongArray,22
ToStringBuilderTest.testReflectionArrayCycle,7
RandomUtilsTest.testNextFloatMinimalRange,3
ToStringBuilderTest.testDoubleArrayArray,8
FractionTest.testNegate,20
StringUtilsTrimEmptyTest.testStripAccents,14
UnicodeEscaperTest.testAbove,6
ArrayUtilsRemoveMultipleTest.testRemoveAllCharArrayOutOfBoundsIndex,3
MutableLongTest.testSubtractValuePrimitive,6
ToStringStyleTest.testSetSizeEndText,5
DateUtilsFragmentTest.setUp,6
NumberUtilsTest.testMinShort_emptyArray,3
ArrayUtilsRemoveMultipleTest.testRemoveAllLongArrayOutOfBoundsIndex,3
BooleanUtilsTest.test_toStringYesNo_Boolean,5
ValidateTest.testNoNullElementsArray2,20
WordUtilsTest.testInitials_String,11
DateUtilsTest.testIsSameInstant_Cal,15
DateUtilsFragmentTest.testSecondsOfMonthWithCalendar,9
DateUtilsFragmentTest.testSecondsofMinuteWithCalendar,5
ArrayUtilsRemoveTest.testRemoveShortArray,27
StandardToStringStyleTest.tearDown,3
RangeTest.testRangeOfChars,5
RangeTest.testIsAfter,8
FieldUtilsTest.testWriteNamedStaticFieldForceAccess,30
FieldUtilsTest.testGetField,17
FastDateFormatTest.test_changeDefault_Locale_DateTimeInstance,17
BitFieldTest.testSetShort,5
ToStringBuilderTest.testObjectBuild,16
StringUtilsStartsEndsWithTest.testEndsWithAny,11
CompareToBuilderTest.testByteArray,22
StrBuilderTest.testSetCharAt,23
StrBuilderTest.testDeleteIntInt,24
FieldUtilsTest.testWriteDeclaredNamedStaticFieldForceAccess,30
ToStringBuilderTest.assertReflectionArray,9
StrBuilderTest.testLang295,6
StrBuilderTest.testLang294,5
MutableByteTest.testConstructorNull,3
